[0.114s][info][gc,start    ] GC(0) Pause Young (Normal) (G1 Evacuation Pause)
[0.114s][info][gc,task     ] GC(0) Using 3 workers of 8 for evacuation
[0.117s][info][gc,phases   ] GC(0)   Pre Evacuate Collection Set: 0.1ms
[0.117s][info][gc,phases   ] GC(0)   Merge Heap Roots: 0.1ms
[0.118s][info][gc,phases   ] GC(0)   Evacuate Collection Set: 2.5ms
[0.118s][info][gc,phases   ] GC(0)   Post Evacuate Collection Set: 0.2ms
[0.118s][info][gc,phases   ] GC(0)   Other: 0.2ms
[0.118s][info][gc,heap     ] GC(0) Eden regions: 11->0(11)
[0.118s][info][gc,heap     ] GC(0) Survivor regions: 0->2(2)
[0.118s][info][gc,heap     ] GC(0) Old regions: 1->4
[0.118s][info][gc,heap     ] GC(0) Humongous regions: 2->2
[0.118s][info][gc,metaspace] GC(0) Metaspace: 8324K(8640K)->8324K(8640K) NonClass: 7593K(7744K)->7593K(7744K) Class: 731K(896K)->731K(896K)
[0.118s][info][gc          ] GC(0) Pause Young (Normal) (G1 Evacuation Pause) 27M->13M(130M) 3.780ms
[0.118s][info][gc,cpu      ] GC(0) User=0.01s Sys=0.01s Real=0.01s
[0.180s][info][gc,start    ] GC(1) Pause Young (Normal) (G1 Evacuation Pause)
[0.180s][info][gc,task     ] GC(1) Using 6 workers of 8 for evacuation
[0.185s][info][gc,phases   ] GC(1)   Pre Evacuate Collection Set: 0.1ms
[0.185s][info][gc,phases   ] GC(1)   Merge Heap Roots: 0.1ms
[0.185s][info][gc,phases   ] GC(1)   Evacuate Collection Set: 4.2ms
[0.185s][info][gc,phases   ] GC(1)   Post Evacuate Collection Set: 0.3ms
[0.185s][info][gc,phases   ] GC(1)   Other: 0.2ms
[0.185s][info][gc,heap     ] GC(1) Eden regions: 11->0(20)
[0.185s][info][gc,heap     ] GC(1) Survivor regions: 2->2(2)
[0.185s][info][gc,heap     ] GC(1) Old regions: 4->9
[0.185s][info][gc,heap     ] GC(1) Humongous regions: 2->2
[0.185s][info][gc,metaspace] GC(1) Metaspace: 13702K(13952K)->13702K(13952K) NonClass: 12454K(12608K)->12454K(12608K) Class: 1247K(1344K)->1247K(1344K)
[0.185s][info][gc          ] GC(1) Pause Young (Normal) (G1 Evacuation Pause) 35M->24M(130M) 5.390ms
[0.185s][info][gc,cpu      ] GC(1) User=0.02s Sys=0.01s Real=0.00s
[0.260s][info][gc,start    ] GC(2) Pause Young (Normal) (G1 Evacuation Pause)
[0.260s][info][gc,task     ] GC(2) Using 6 workers of 8 for evacuation
[0.265s][info][gc,phases   ] GC(2)   Pre Evacuate Collection Set: 0.1ms
[0.265s][info][gc,phases   ] GC(2)   Merge Heap Roots: 0.0ms
[0.265s][info][gc,phases   ] GC(2)   Evacuate Collection Set: 4.0ms
[0.265s][info][gc,phases   ] GC(2)   Post Evacuate Collection Set: 0.4ms
[0.265s][info][gc,phases   ] GC(2)   Other: 0.1ms
[0.265s][info][gc,heap     ] GC(2) Eden regions: 16->0(18)
[0.265s][info][gc,heap     ] GC(2) Survivor regions: 2->3(3)
[0.265s][info][gc,heap     ] GC(2) Old regions: 9->14
[0.265s][info][gc,heap     ] GC(2) Humongous regions: 2->2
[0.265s][info][gc,metaspace] GC(2) Metaspace: 16957K(17280K)->16957K(17280K) NonClass: 15390K(15552K)->15390K(15552K) Class: 1566K(1728K)->1566K(1728K)
[0.265s][info][gc          ] GC(2) Pause Young (Normal) (G1 Evacuation Pause) 56M->36M(130M) 5.115ms
[0.265s][info][gc,cpu      ] GC(2) User=0.02s Sys=0.00s Real=0.00s
[0.340s][info][gc,start    ] GC(3) Pause Young (Concurrent Start) (Metadata GC Threshold)
[0.340s][info][gc,task     ] GC(3) Using 6 workers of 8 for evacuation
[0.344s][info][gc,phases   ] GC(3)   Pre Evacuate Collection Set: 0.2ms
[0.344s][info][gc,phases   ] GC(3)   Merge Heap Roots: 0.1ms
[0.344s][info][gc,phases   ] GC(3)   Evacuate Collection Set: 3.2ms
[0.344s][info][gc,phases   ] GC(3)   Post Evacuate Collection Set: 0.3ms
[0.344s][info][gc,phases   ] GC(3)   Other: 0.1ms
[0.344s][info][gc,heap     ] GC(3) Eden regions: 7->0(19)
[0.344s][info][gc,heap     ] GC(3) Survivor regions: 3->2(3)
[0.344s][info][gc,heap     ] GC(3) Old regions: 14->18
[0.344s][info][gc,heap     ] GC(3) Humongous regions: 2->2
[0.344s][info][gc,metaspace] GC(3) Metaspace: 21180K(21504K)->21180K(21504K) NonClass: 19211K(19392K)->19211K(19392K) Class: 1969K(2112K)->1969K(2112K)
[0.344s][info][gc          ] GC(3) Pause Young (Concurrent Start) (Metadata GC Threshold) 50M->40M(130M) 4.362ms
[0.344s][info][gc,cpu      ] GC(3) User=0.01s Sys=0.01s Real=0.00s
[0.344s][info][gc          ] GC(4) Concurrent Mark Cycle
[0.345s][info][gc,marking  ] GC(4) Concurrent Scan Root Regions
[0.349s][info][gc,marking  ] GC(4) Concurrent Scan Root Regions 3.798ms
[0.349s][info][gc,marking  ] GC(4) Concurrent Mark
[0.349s][info][gc,marking  ] GC(4) Concurrent Mark From Roots
[0.349s][info][gc,task     ] GC(4) Using 2 workers of 2 for marking
[0.354s][info][gc,marking  ] GC(4) Concurrent Mark From Roots 4.391ms
[0.354s][info][gc,marking  ] GC(4) Concurrent Preclean
[0.355s][info][gc,marking  ] GC(4) Concurrent Preclean 1.286ms
[0.357s][info][gc,start    ] GC(4) Pause Remark
[0.358s][info][gc          ] GC(4) Pause Remark 43M->43M(130M) 1.705ms
[0.358s][info][gc,cpu      ] GC(4) User=0.01s Sys=0.00s Real=0.00s
[0.359s][info][gc,marking  ] GC(4) Concurrent Mark 9.535ms
[0.359s][info][gc,marking  ] GC(4) Concurrent Rebuild Remembered Sets and Scrub Regions
[0.366s][info][gc,marking  ] GC(4) Concurrent Rebuild Remembered Sets and Scrub Regions 7.235ms
[0.367s][info][gc,start    ] GC(4) Pause Cleanup
[0.367s][info][gc          ] GC(4) Pause Cleanup 44M->44M(130M) 0.105ms
[0.367s][info][gc,cpu      ] GC(4) User=0.00s Sys=0.00s Real=0.00s
[0.367s][info][gc,marking  ] GC(4) Concurrent Clear Claimed Marks
[0.367s][info][gc,marking  ] GC(4) Concurrent Clear Claimed Marks 0.086ms
[0.368s][info][gc,marking  ] GC(4) Concurrent Cleanup for Next Mark
[0.370s][info][gc,marking  ] GC(4) Concurrent Cleanup for Next Mark 1.640ms
[0.370s][info][gc          ] GC(4) Concurrent Mark Cycle 25.193ms
[0.747s][info][gc,start    ] GC(5) Pause Young (Prepare Mixed) (Metadata GC Threshold)
[0.747s][info][gc,task     ] GC(5) Using 8 workers of 8 for evacuation
[0.750s][info][gc,phases   ] GC(5)   Pre Evacuate Collection Set: 0.1ms
[0.750s][info][gc,phases   ] GC(5)   Merge Heap Roots: 0.1ms
[0.750s][info][gc,phases   ] GC(5)   Evacuate Collection Set: 2.2ms
[0.750s][info][gc,phases   ] GC(5)   Post Evacuate Collection Set: 0.6ms
[0.750s][info][gc,phases   ] GC(5)   Other: 0.1ms
[0.750s][info][gc,heap     ] GC(5) Eden regions: 17->0(21)
[0.750s][info][gc,heap     ] GC(5) Survivor regions: 2->3(3)
[0.750s][info][gc,heap     ] GC(5) Old regions: 18->19
[0.750s][info][gc,heap     ] GC(5) Humongous regions: 2->2
[0.750s][info][gc,metaspace] GC(5) Metaspace: 36400K(37056K)->36400K(37056K) NonClass: 32722K(33088K)->32722K(33088K) Class: 3678K(3968K)->3678K(3968K)
[0.750s][info][gc          ] GC(5) Pause Young (Prepare Mixed) (Metadata GC Threshold) 73M->45M(130M) 3.496ms
[0.750s][info][gc,cpu      ] GC(5) User=0.02s Sys=0.00s Real=0.00s
[0.754s][info][gc,start    ] GC(6) Pause Young (Mixed) (Metadata GC Threshold)
[0.754s][info][gc,task     ] GC(6) Using 8 workers of 8 for evacuation
[0.756s][info][gc,phases   ] GC(6)   Pre Evacuate Collection Set: 0.1ms
[0.756s][info][gc,phases   ] GC(6)   Merge Heap Roots: 0.0ms
[0.756s][info][gc,phases   ] GC(6)   Evacuate Collection Set: 1.9ms
[0.756s][info][gc,phases   ] GC(6)   Post Evacuate Collection Set: 0.3ms
[0.756s][info][gc,phases   ] GC(6)   Other: 0.1ms
[0.756s][info][gc,heap     ] GC(6) Eden regions: 1->0(21)
[0.756s][info][gc,heap     ] GC(6) Survivor regions: 3->1(3)
[0.756s][info][gc,heap     ] GC(6) Old regions: 19->21
[0.756s][info][gc,heap     ] GC(6) Humongous regions: 2->2
[0.757s][info][gc,metaspace] GC(6) Metaspace: 36731K(37376K)->36731K(37376K) NonClass: 33015K(33344K)->33015K(33344K) Class: 3715K(4032K)->3715K(4032K)
[0.757s][info][gc          ] GC(6) Pause Young (Mixed) (Metadata GC Threshold) 46M->45M(130M) 2.853ms
[0.757s][info][gc,cpu      ] GC(6) User=0.01s Sys=0.00s Real=0.01s
[0.761s][info][gc,start    ] GC(7) Pause Young (Concurrent Start) (Metadata GC Threshold)
[0.761s][info][gc,task     ] GC(7) Using 8 workers of 8 for evacuation
[0.762s][info][gc,phases   ] GC(7)   Pre Evacuate Collection Set: 0.1ms
[0.762s][info][gc,phases   ] GC(7)   Merge Heap Roots: 0.1ms
[0.762s][info][gc,phases   ] GC(7)   Evacuate Collection Set: 0.4ms
[0.762s][info][gc,phases   ] GC(7)   Post Evacuate Collection Set: 0.3ms
[0.762s][info][gc,phases   ] GC(7)   Other: 0.1ms
[0.762s][info][gc,heap     ] GC(7) Eden regions: 1->0(66)
[0.762s][info][gc,heap     ] GC(7) Survivor regions: 1->1(3)
[0.762s][info][gc,heap     ] GC(7) Old regions: 21->21
[0.762s][info][gc,heap     ] GC(7) Humongous regions: 2->2
[0.762s][info][gc,metaspace] GC(7) Metaspace: 37104K(37696K)->37104K(37696K) NonClass: 33345K(33664K)->33345K(33664K) Class: 3758K(4032K)->3758K(4032K)
[0.762s][info][gc          ] GC(7) Pause Young (Concurrent Start) (Metadata GC Threshold) 46M->45M(264M) 1.402ms
[0.762s][info][gc,cpu      ] GC(7) User=0.00s Sys=0.00s Real=0.00s
[0.762s][info][gc          ] GC(8) Concurrent Mark Cycle
[0.763s][info][gc,marking  ] GC(8) Concurrent Scan Root Regions
[0.763s][info][gc,marking  ] GC(8) Concurrent Scan Root Regions 0.349ms
[0.763s][info][gc,marking  ] GC(8) Concurrent Mark
[0.763s][info][gc,marking  ] GC(8) Concurrent Mark From Roots
[0.763s][info][gc,task     ] GC(8) Using 2 workers of 2 for marking
[0.774s][info][gc,marking  ] GC(8) Concurrent Mark From Roots 10.629ms
[0.774s][info][gc,marking  ] GC(8) Concurrent Preclean
[0.775s][info][gc,marking  ] GC(8) Concurrent Preclean 1.207ms
[0.778s][info][gc,start    ] GC(8) Pause Remark
[0.780s][info][gc          ] GC(8) Pause Remark 46M->46M(160M) 2.612ms
[0.781s][info][gc,cpu      ] GC(8) User=0.01s Sys=0.00s Real=0.00s
[0.781s][info][gc,marking  ] GC(8) Concurrent Mark 17.722ms
[0.781s][info][gc,marking  ] GC(8) Concurrent Rebuild Remembered Sets and Scrub Regions
[0.790s][info][gc,marking  ] GC(8) Concurrent Rebuild Remembered Sets and Scrub Regions 9.125ms
[0.796s][info][gc,start    ] GC(8) Pause Cleanup
[0.796s][info][gc          ] GC(8) Pause Cleanup 48M->48M(160M) 0.205ms
[0.796s][info][gc,cpu      ] GC(8) User=0.00s Sys=0.00s Real=0.00s
[0.796s][info][gc,marking  ] GC(8) Concurrent Clear Claimed Marks
[0.797s][info][gc,marking  ] GC(8) Concurrent Clear Claimed Marks 0.374ms
[0.797s][info][gc,marking  ] GC(8) Concurrent Cleanup for Next Mark
[0.797s][info][gc,marking  ] GC(8) Concurrent Cleanup for Next Mark 0.445ms
[0.798s][info][gc          ] GC(8) Concurrent Mark Cycle 35.487ms
[0.980s][info][gc,start    ] GC(9) Pause Young (Prepare Mixed) (Metadata GC Threshold)
[0.980s][info][gc,task     ] GC(9) Using 8 workers of 8 for evacuation
[0.984s][info][gc,phases   ] GC(9)   Pre Evacuate Collection Set: 0.2ms
[0.984s][info][gc,phases   ] GC(9)   Merge Heap Roots: 0.1ms
[0.984s][info][gc,phases   ] GC(9)   Evacuate Collection Set: 2.6ms
[0.984s][info][gc,phases   ] GC(9)   Post Evacuate Collection Set: 0.9ms
[0.984s][info][gc,phases   ] GC(9)   Other: 0.1ms
[0.984s][info][gc,heap     ] GC(9) Eden regions: 31->0(30)
[0.984s][info][gc,heap     ] GC(9) Survivor regions: 1->5(6)
[0.984s][info][gc,heap     ] GC(9) Old regions: 21->21
[0.984s][info][gc,heap     ] GC(9) Humongous regions: 4->4
[0.984s][info][gc,metaspace] GC(9) Metaspace: 63552K(64640K)->63552K(64640K) NonClass: 56562K(57152K)->56562K(57152K) Class: 6990K(7488K)->6990K(7488K)
[0.984s][info][gc          ] GC(9) Pause Young (Prepare Mixed) (Metadata GC Threshold) 110M->58M(160M) 4.289ms
[0.984s][info][gc,cpu      ] GC(9) User=0.02s Sys=0.00s Real=0.00s
[0.991s][info][gc,start    ] GC(10) Pause Young (Mixed) (GCLocker Initiated GC)
[0.991s][info][gc,task     ] GC(10) Using 8 workers of 8 for evacuation
[0.995s][info][gc,phases   ] GC(10)   Pre Evacuate Collection Set: 0.1ms
[0.995s][info][gc,phases   ] GC(10)   Merge Heap Roots: 0.1ms
[0.995s][info][gc,phases   ] GC(10)   Evacuate Collection Set: 3.8ms
[0.995s][info][gc,phases   ] GC(10)   Post Evacuate Collection Set: 0.4ms
[0.995s][info][gc,phases   ] GC(10)   Other: 0.1ms
[0.996s][info][gc,heap     ] GC(10) Eden regions: 1->0(29)
[0.996s][info][gc,heap     ] GC(10) Survivor regions: 5->1(5)
[0.996s][info][gc,heap     ] GC(10) Old regions: 21->26
[0.996s][info][gc,heap     ] GC(10) Humongous regions: 4->4
[0.996s][info][gc,metaspace] GC(10) Metaspace: 63984K(65088K)->63984K(65088K) NonClass: 56938K(57600K)->56938K(57600K) Class: 7046K(7488K)->7046K(7488K)
[0.996s][info][gc          ] GC(10) Pause Young (Mixed) (GCLocker Initiated GC) 59M->59M(160M) 4.936ms
[0.996s][info][gc,cpu      ] GC(10) User=0.02s Sys=0.01s Real=0.01s
[0.999s][info][gc,start    ] GC(11) Pause Young (Concurrent Start) (Metadata GC Threshold)
[0.999s][info][gc,task     ] GC(11) Using 8 workers of 8 for evacuation
[1.000s][info][gc,phases   ] GC(11)   Pre Evacuate Collection Set: 0.1ms
[1.000s][info][gc,phases   ] GC(11)   Merge Heap Roots: 0.0ms
[1.000s][info][gc,phases   ] GC(11)   Evacuate Collection Set: 0.5ms
[1.000s][info][gc,phases   ] GC(11)   Post Evacuate Collection Set: 0.2ms
[1.000s][info][gc,phases   ] GC(11)   Other: 0.1ms
[1.000s][info][gc,heap     ] GC(11) Eden regions: 1->0(33)
[1.000s][info][gc,heap     ] GC(11) Survivor regions: 1->1(4)
[1.000s][info][gc,heap     ] GC(11) Old regions: 26->26
[1.000s][info][gc,heap     ] GC(11) Humongous regions: 4->4
[1.000s][info][gc,metaspace] GC(11) Metaspace: 64200K(65280K)->64200K(65280K) NonClass: 57135K(57728K)->57135K(57728K) Class: 7065K(7552K)->7065K(7552K)
[1.000s][info][gc          ] GC(11) Pause Young (Concurrent Start) (Metadata GC Threshold) 60M->58M(160M) 1.285ms
[1.000s][info][gc,cpu      ] GC(11) User=0.01s Sys=0.00s Real=0.00s
[1.000s][info][gc          ] GC(12) Concurrent Mark Cycle
[1.001s][info][gc,marking  ] GC(12) Concurrent Scan Root Regions
[1.001s][info][gc,marking  ] GC(12) Concurrent Scan Root Regions 0.388ms
[1.001s][info][gc,marking  ] GC(12) Concurrent Mark
[1.001s][info][gc,marking  ] GC(12) Concurrent Mark From Roots
[1.001s][info][gc,task     ] GC(12) Using 2 workers of 2 for marking
[1.018s][info][gc,marking  ] GC(12) Concurrent Mark From Roots 16.357ms
[1.018s][info][gc,marking  ] GC(12) Concurrent Preclean
[1.018s][info][gc,marking  ] GC(12) Concurrent Preclean 0.127ms
[1.020s][info][gc,start    ] GC(12) Pause Remark
[1.022s][info][gc          ] GC(12) Pause Remark 61M->61M(160M) 2.129ms
[1.022s][info][gc,cpu      ] GC(12) User=0.01s Sys=0.00s Real=0.00s
[1.022s][info][gc,marking  ] GC(12) Concurrent Mark 20.641ms
[1.022s][info][gc,marking  ] GC(12) Concurrent Rebuild Remembered Sets and Scrub Regions
[1.031s][info][gc,marking  ] GC(12) Concurrent Rebuild Remembered Sets and Scrub Regions 8.950ms
[1.032s][info][gc,start    ] GC(12) Pause Cleanup
[1.032s][info][gc          ] GC(12) Pause Cleanup 61M->61M(160M) 0.087ms
[1.032s][info][gc,cpu      ] GC(12) User=0.00s Sys=0.00s Real=0.00s
[1.032s][info][gc,marking  ] GC(12) Concurrent Clear Claimed Marks
[1.032s][info][gc,marking  ] GC(12) Concurrent Clear Claimed Marks 0.126ms
[1.032s][info][gc,marking  ] GC(12) Concurrent Cleanup for Next Mark
[1.032s][info][gc,marking  ] GC(12) Concurrent Cleanup for Next Mark 0.175ms
[1.032s][info][gc          ] GC(12) Concurrent Mark Cycle 32.100ms
[1.436s][info][gc,start    ] GC(13) Pause Young (Prepare Mixed) (G1 Evacuation Pause)
[1.436s][info][gc,task     ] GC(13) Using 8 workers of 8 for evacuation
[1.455s][info][gc,phases   ] GC(13)   Pre Evacuate Collection Set: 0.4ms
[1.455s][info][gc,phases   ] GC(13)   Merge Heap Roots: 0.2ms
[1.455s][info][gc,phases   ] GC(13)   Evacuate Collection Set: 15.7ms
[1.455s][info][gc,phases   ] GC(13)   Post Evacuate Collection Set: 2.3ms
[1.455s][info][gc,phases   ] GC(13)   Other: 0.1ms
[1.455s][info][gc,heap     ] GC(13) Eden regions: 33->0(27)
[1.455s][info][gc,heap     ] GC(13) Survivor regions: 1->5(5)
[1.455s][info][gc,heap     ] GC(13) Old regions: 26->29
[1.455s][info][gc,heap     ] GC(13) Humongous regions: 4->4
[1.455s][info][gc,metaspace] GC(13) Metaspace: 83768K(85248K)->83768K(85248K) NonClass: 74298K(75200K)->74298K(75200K) Class: 9470K(10048K)->9470K(10048K)
[1.455s][info][gc          ] GC(13) Pause Young (Prepare Mixed) (G1 Evacuation Pause) 124M->73M(160M) 19.580ms
[1.455s][info][gc,cpu      ] GC(13) User=0.10s Sys=0.00s Real=0.01s
[3.825s][info][gc,start    ] GC(14) Pause Young (Mixed) (G1 Evacuation Pause)
[3.825s][info][gc,task     ] GC(14) Using 8 workers of 8 for evacuation
[3.846s][info][gc,phases   ] GC(14)   Pre Evacuate Collection Set: 0.2ms
[3.847s][info][gc,phases   ] GC(14)   Merge Heap Roots: 0.2ms
[3.847s][info][gc,phases   ] GC(14)   Evacuate Collection Set: 20.1ms
[3.847s][info][gc,phases   ] GC(14)   Post Evacuate Collection Set: 0.9ms
[3.847s][info][gc,phases   ] GC(14)   Other: 0.1ms
[3.847s][info][gc,heap     ] GC(14) Eden regions: 27->0(25)
[3.847s][info][gc,heap     ] GC(14) Survivor regions: 5->4(4)
[3.847s][info][gc,heap     ] GC(14) Old regions: 29->34
[3.847s][info][gc,heap     ] GC(14) Humongous regions: 4->4
[3.847s][info][gc,metaspace] GC(14) Metaspace: 88229K(89664K)->88229K(89664K) NonClass: 78203K(79040K)->78203K(79040K) Class: 10026K(10624K)->10026K(10624K)
[3.847s][info][gc          ] GC(14) Pause Young (Mixed) (G1 Evacuation Pause) 127M->82M(160M) 22.172ms
[3.847s][info][gc,cpu      ] GC(14) User=0.13s Sys=0.04s Real=0.03s
[4.372s][info][gc,start    ] GC(15) Pause Young (Concurrent Start) (Metadata GC Threshold)
[4.372s][info][gc,task     ] GC(15) Using 8 workers of 8 for evacuation
[4.378s][info][gc,phases   ] GC(15)   Pre Evacuate Collection Set: 0.1ms
[4.378s][info][gc,phases   ] GC(15)   Merge Heap Roots: 0.1ms
[4.378s][info][gc,phases   ] GC(15)   Evacuate Collection Set: 4.9ms
[4.378s][info][gc,phases   ] GC(15)   Post Evacuate Collection Set: 0.7ms
[4.378s][info][gc,phases   ] GC(15)   Other: 0.1ms
[4.378s][info][gc,heap     ] GC(15) Eden regions: 21->0(20)
[4.378s][info][gc,heap     ] GC(15) Survivor regions: 4->4(4)
[4.378s][info][gc,heap     ] GC(15) Old regions: 34->39
[4.378s][info][gc,heap     ] GC(15) Humongous regions: 4->4
[4.378s][info][gc,metaspace] GC(15) Metaspace: 108640K(110336K)->108640K(110336K) NonClass: 96240K(97216K)->96240K(97216K) Class: 12400K(13120K)->12400K(13120K)
[4.378s][info][gc          ] GC(15) Pause Young (Concurrent Start) (Metadata GC Threshold) 124M->91M(160M) 6.282ms
[4.378s][info][gc,cpu      ] GC(15) User=0.03s Sys=0.00s Real=0.01s
[4.378s][info][gc          ] GC(16) Concurrent Mark Cycle
[4.378s][info][gc,marking  ] GC(16) Concurrent Scan Root Regions
[4.385s][info][gc,marking  ] GC(16) Concurrent Scan Root Regions 6.922ms
[4.385s][info][gc,marking  ] GC(16) Concurrent Mark
[4.385s][info][gc,marking  ] GC(16) Concurrent Mark From Roots
[4.385s][info][gc,task     ] GC(16) Using 2 workers of 2 for marking
[4.412s][info][gc,marking  ] GC(16) Concurrent Mark From Roots 26.482ms
[4.412s][info][gc,marking  ] GC(16) Concurrent Preclean
[4.412s][info][gc,marking  ] GC(16) Concurrent Preclean 0.324ms
[4.413s][info][gc,start    ] GC(16) Pause Remark
[4.416s][info][gc          ] GC(16) Pause Remark 93M->91M(160M) 3.102ms
[4.416s][info][gc,cpu      ] GC(16) User=0.02s Sys=0.00s Real=0.01s
[4.416s][info][gc,marking  ] GC(16) Concurrent Mark 30.679ms
[4.416s][info][gc,marking  ] GC(16) Concurrent Rebuild Remembered Sets and Scrub Regions
[4.437s][info][gc,marking  ] GC(16) Concurrent Rebuild Remembered Sets and Scrub Regions 21.264ms
[4.442s][info][gc,start    ] GC(16) Pause Cleanup
[4.442s][info][gc          ] GC(16) Pause Cleanup 94M->94M(160M) 0.115ms
[4.442s][info][gc,cpu      ] GC(16) User=0.00s Sys=0.00s Real=0.00s
[4.442s][info][gc,marking  ] GC(16) Concurrent Clear Claimed Marks
[4.443s][info][gc,marking  ] GC(16) Concurrent Clear Claimed Marks 0.369ms
[4.443s][info][gc,marking  ] GC(16) Concurrent Cleanup for Next Mark
[4.444s][info][gc,marking  ] GC(16) Concurrent Cleanup for Next Mark 1.038ms
[4.444s][info][gc          ] GC(16) Concurrent Mark Cycle 65.951ms
[4.648s][info][gc,start    ] GC(17) Pause Young (Prepare Mixed) (G1 Evacuation Pause)
[4.648s][info][gc,task     ] GC(17) Using 8 workers of 8 for evacuation
[4.656s][info][gc,phases   ] GC(17)   Pre Evacuate Collection Set: 0.1ms
[4.656s][info][gc,phases   ] GC(17)   Merge Heap Roots: 0.1ms
[4.656s][info][gc,phases   ] GC(17)   Evacuate Collection Set: 7.1ms
[4.656s][info][gc,phases   ] GC(17)   Post Evacuate Collection Set: 0.8ms
[4.656s][info][gc,phases   ] GC(17)   Other: 0.1ms
[4.656s][info][gc,heap     ] GC(17) Eden regions: 20->0(20)
[4.656s][info][gc,heap     ] GC(17) Survivor regions: 4->3(3)
[4.656s][info][gc,heap     ] GC(17) Old regions: 38->43
[4.656s][info][gc,heap     ] GC(17) Humongous regions: 15->7
[4.656s][info][gc,metaspace] GC(17) Metaspace: 125438K(127552K)->125438K(127552K) NonClass: 110874K(112128K)->110874K(112128K) Class: 14563K(15424K)->14563K(15424K)
[4.656s][info][gc          ] GC(17) Pause Young (Prepare Mixed) (G1 Evacuation Pause) 151M->103M(170M) 8.533ms
[4.656s][info][gc,cpu      ] GC(17) User=0.05s Sys=0.00s Real=0.01s
[4.743s][info][gc,start    ] GC(18) Pause Young (Mixed) (G1 Evacuation Pause)
[4.743s][info][gc,task     ] GC(18) Using 8 workers of 8 for evacuation
[4.748s][info][gc,phases   ] GC(18)   Pre Evacuate Collection Set: 0.1ms
[4.748s][info][gc,phases   ] GC(18)   Merge Heap Roots: 0.1ms
[4.748s][info][gc,phases   ] GC(18)   Evacuate Collection Set: 3.6ms
[4.748s][info][gc,phases   ] GC(18)   Post Evacuate Collection Set: 0.9ms
[4.748s][info][gc,phases   ] GC(18)   Other: 0.1ms
[4.748s][info][gc,heap     ] GC(18) Eden regions: 20->0(73)
[4.748s][info][gc,heap     ] GC(18) Survivor regions: 3->3(3)
[4.748s][info][gc,heap     ] GC(18) Old regions: 43->46
[4.748s][info][gc,heap     ] GC(18) Humongous regions: 7->7
[4.748s][info][gc,metaspace] GC(18) Metaspace: 130762K(132928K)->130762K(132928K) NonClass: 115535K(116800K)->115535K(116800K) Class: 15226K(16128K)->15226K(16128K)
[4.748s][info][gc          ] GC(18) Pause Young (Mixed) (G1 Evacuation Pause) 143M->109M(340M) 5.075ms
[4.748s][info][gc,cpu      ] GC(18) User=0.03s Sys=0.01s Real=0.01s
[5.025s][info][gc,start    ] GC(19) Pause Young (Normal) (G1 Evacuation Pause)
[5.026s][info][gc,task     ] GC(19) Using 8 workers of 8 for evacuation
[5.040s][info][gc,phases   ] GC(19)   Pre Evacuate Collection Set: 0.9ms
[5.040s][info][gc,phases   ] GC(19)   Merge Heap Roots: 0.1ms
[5.040s][info][gc,phases   ] GC(19)   Evacuate Collection Set: 12.2ms
[5.040s][info][gc,phases   ] GC(19)   Post Evacuate Collection Set: 1.1ms
[5.040s][info][gc,phases   ] GC(19)   Other: 0.2ms
[5.041s][info][gc,heap     ] GC(19) Eden regions: 73->0(68)
[5.041s][info][gc,heap     ] GC(19) Survivor regions: 3->10(10)
[5.041s][info][gc,heap     ] GC(19) Old regions: 46->48
[5.041s][info][gc,heap     ] GC(19) Humongous regions: 12->10
[5.041s][info][gc,metaspace] GC(19) Metaspace: 138633K(140864K)->138633K(140864K) NonClass: 122485K(123776K)->122485K(123776K) Class: 16147K(17088K)->16147K(17088K)
[5.041s][info][gc          ] GC(19) Pause Young (Normal) (G1 Evacuation Pause) 265M->133M(340M) 15.895ms
[5.041s][info][gc,cpu      ] GC(19) User=0.08s Sys=0.01s Real=0.02s
[5.442s][info][gc,start    ] GC(20) Pause Young (Normal) (G1 Evacuation Pause)
[5.443s][info][gc,task     ] GC(20) Using 8 workers of 8 for evacuation
[5.456s][info][gc,phases   ] GC(20)   Pre Evacuate Collection Set: 0.2ms
[5.456s][info][gc,phases   ] GC(20)   Merge Heap Roots: 0.1ms
[5.456s][info][gc,phases   ] GC(20)   Evacuate Collection Set: 11.6ms
[5.456s][info][gc,phases   ] GC(20)   Post Evacuate Collection Set: 0.9ms
[5.457s][info][gc,phases   ] GC(20)   Other: 0.1ms
[5.457s][info][gc,heap     ] GC(20) Eden regions: 68->0(60)
[5.457s][info][gc,heap     ] GC(20) Survivor regions: 10->10(10)
[5.457s][info][gc,heap     ] GC(20) Old regions: 48->59
[5.457s][info][gc,heap     ] GC(20) Humongous regions: 10->10
[5.457s][info][gc,metaspace] GC(20) Metaspace: 147036K(149376K)->147036K(149376K) NonClass: 129936K(131264K)->129936K(131264K) Class: 17100K(18112K)->17100K(18112K)
[5.457s][info][gc          ] GC(20) Pause Young (Normal) (G1 Evacuation Pause) 269M->155M(340M) 14.345ms
[5.457s][info][gc,cpu      ] GC(20) User=0.08s Sys=0.01s Real=0.02s
[5.766s][info][gc,start    ] GC(21) Pause Young (Concurrent Start) (G1 Evacuation Pause)
[5.766s][info][gc,task     ] GC(21) Using 8 workers of 8 for evacuation
[5.778s][info][gc,phases   ] GC(21)   Pre Evacuate Collection Set: 0.2ms
[5.778s][info][gc,phases   ] GC(21)   Merge Heap Roots: 0.1ms
[5.778s][info][gc,phases   ] GC(21)   Evacuate Collection Set: 10.1ms
[5.778s][info][gc,phases   ] GC(21)   Post Evacuate Collection Set: 1.4ms
[5.778s][info][gc,phases   ] GC(21)   Other: 0.1ms
[5.778s][info][gc,heap     ] GC(21) Eden regions: 60->0(61)
[5.778s][info][gc,heap     ] GC(21) Survivor regions: 10->6(9)
[5.779s][info][gc,heap     ] GC(21) Old regions: 59->67
[5.779s][info][gc,heap     ] GC(21) Humongous regions: 10->10
[5.779s][info][gc,metaspace] GC(21) Metaspace: 148274K(150528K)->148274K(150528K) NonClass: 131043K(132352K)->131043K(132352K) Class: 17230K(18176K)->17230K(18176K)
[5.779s][info][gc          ] GC(21) Pause Young (Concurrent Start) (G1 Evacuation Pause) 275M->164M(340M) 12.651ms
[5.779s][info][gc,cpu      ] GC(21) User=0.08s Sys=0.00s Real=0.01s
[5.779s][info][gc          ] GC(22) Concurrent Mark Cycle
[5.780s][info][gc,marking  ] GC(22) Concurrent Scan Root Regions
[5.795s][info][gc,marking  ] GC(22) Concurrent Scan Root Regions 15.029ms
[5.802s][info][gc,marking  ] GC(22) Concurrent Mark
[5.809s][info][gc,marking  ] GC(22) Concurrent Mark From Roots
[5.810s][info][gc,task     ] GC(22) Using 2 workers of 2 for marking
[5.899s][info][gc,marking  ] GC(22) Concurrent Mark From Roots 89.982ms
[5.899s][info][gc,marking  ] GC(22) Concurrent Preclean
[5.899s][info][gc,marking  ] GC(22) Concurrent Preclean 0.386ms
[5.900s][info][gc,start    ] GC(22) Pause Remark
[5.912s][info][gc          ] GC(22) Pause Remark 230M->224M(340M) 12.191ms
[5.912s][info][gc,cpu      ] GC(22) User=0.04s Sys=0.01s Real=0.01s
[5.916s][info][gc,marking  ] GC(22) Concurrent Mark 114.083ms
[5.917s][info][gc,marking  ] GC(22) Concurrent Rebuild Remembered Sets and Scrub Regions
[5.950s][info][gc,marking  ] GC(22) Concurrent Rebuild Remembered Sets and Scrub Regions 33.346ms
[5.950s][info][gc,start    ] GC(22) Pause Cleanup
[5.950s][info][gc          ] GC(22) Pause Cleanup 228M->228M(340M) 0.116ms
[5.950s][info][gc,cpu      ] GC(22) User=0.01s Sys=0.00s Real=0.00s
[5.950s][info][gc,marking  ] GC(22) Concurrent Clear Claimed Marks
[5.951s][info][gc,marking  ] GC(22) Concurrent Clear Claimed Marks 0.241ms
[5.951s][info][gc,marking  ] GC(22) Concurrent Cleanup for Next Mark
[5.952s][info][gc,marking  ] GC(22) Concurrent Cleanup for Next Mark 1.075ms
[5.952s][info][gc          ] GC(22) Concurrent Mark Cycle 173.046ms
[6.335s][info][gc,start    ] GC(23) Pause Young (Prepare Mixed) (G1 Evacuation Pause)
[6.335s][info][gc,task     ] GC(23) Using 8 workers of 8 for evacuation
[6.350s][info][gc,phases   ] GC(23)   Pre Evacuate Collection Set: 0.2ms
[6.358s][info][gc,phases   ] GC(23)   Merge Heap Roots: 0.1ms
[6.358s][info][gc,phases   ] GC(23)   Evacuate Collection Set: 12.3ms
[6.358s][info][gc,phases   ] GC(23)   Post Evacuate Collection Set: 2.7ms
[6.358s][info][gc,phases   ] GC(23)   Other: 0.1ms
[6.358s][info][gc,heap     ] GC(23) Eden regions: 61->0(60)
[6.358s][info][gc,heap     ] GC(23) Survivor regions: 6->8(9)
[6.358s][info][gc,heap     ] GC(23) Old regions: 67->70
[6.358s][info][gc,heap     ] GC(23) Humongous regions: 10->8
[6.358s][info][gc,metaspace] GC(23) Metaspace: 154420K(156672K)->154420K(156672K) NonClass: 136484K(137728K)->136484K(137728K) Class: 17936K(18944K)->17936K(18944K)
[6.358s][info][gc          ] GC(23) Pause Young (Prepare Mixed) (G1 Evacuation Pause) 286M->168M(340M) 23.081ms
[6.358s][info][gc,cpu      ] GC(23) User=0.10s Sys=0.00s Real=0.03s
[7.003s][info][gc,start    ] GC(24) Pause Young (Mixed) (G1 Evacuation Pause)
[7.003s][info][gc,task     ] GC(24) Using 8 workers of 8 for evacuation
[7.015s][info][gc,phases   ] GC(24)   Pre Evacuate Collection Set: 0.2ms
[7.015s][info][gc,phases   ] GC(24)   Merge Heap Roots: 0.1ms
[7.016s][info][gc,phases   ] GC(24)   Evacuate Collection Set: 10.7ms
[7.016s][info][gc,phases   ] GC(24)   Post Evacuate Collection Set: 1.1ms
[7.016s][info][gc,phases   ] GC(24)   Other: 0.1ms
[7.016s][info][gc,heap     ] GC(24) Eden regions: 60->0(101)
[7.016s][info][gc,heap     ] GC(24) Survivor regions: 8->8(9)
[7.016s][info][gc,heap     ] GC(24) Old regions: 70->74
[7.016s][info][gc,heap     ] GC(24) Humongous regions: 10->10
[7.016s][info][gc,metaspace] GC(24) Metaspace: 170392K(172864K)->170392K(172864K) NonClass: 149765K(151168K)->149765K(151168K) Class: 20627K(21696K)->20627K(21696K)
[7.016s][info][gc          ] GC(24) Pause Young (Mixed) (G1 Evacuation Pause) 292M->181M(444M) 12.939ms
[7.016s][info][gc,cpu      ] GC(24) User=0.08s Sys=0.00s Real=0.02s
[7.306s][info][gc,start    ] GC(25) Pause Young (Normal) (G1 Evacuation Pause)
[7.306s][info][gc,task     ] GC(25) Using 8 workers of 8 for evacuation
[7.313s][info][gc,phases   ] GC(25)   Pre Evacuate Collection Set: 0.1ms
[7.313s][info][gc,phases   ] GC(25)   Merge Heap Roots: 0.1ms
[7.313s][info][gc,phases   ] GC(25)   Evacuate Collection Set: 5.4ms
[7.313s][info][gc,phases   ] GC(25)   Post Evacuate Collection Set: 0.7ms
[7.313s][info][gc,phases   ] GC(25)   Other: 0.1ms
[7.313s][info][gc,heap     ] GC(25) Eden regions: 101->0(100)
[7.313s][info][gc,heap     ] GC(25) Survivor regions: 8->12(14)
[7.313s][info][gc,heap     ] GC(25) Old regions: 74->74
[7.313s][info][gc,heap     ] GC(25) Humongous regions: 20->10
[7.313s][info][gc,metaspace] GC(25) Metaspace: 171682K(174208K)->171682K(174208K) NonClass: 150987K(152448K)->150987K(152448K) Class: 20694K(21760K)->20694K(21760K)
[7.313s][info][gc          ] GC(25) Pause Young (Normal) (G1 Evacuation Pause) 403M->189M(444M) 6.756ms
[7.313s][info][gc,cpu      ] GC(25) User=0.04s Sys=0.00s Real=0.00s
[7.529s][info][gc,start    ] GC(26) Pause Young (Normal) (G1 Evacuation Pause)
[7.529s][info][gc,task     ] GC(26) Using 8 workers of 8 for evacuation
[7.541s][info][gc,phases   ] GC(26)   Pre Evacuate Collection Set: 0.2ms
[7.541s][info][gc,phases   ] GC(26)   Merge Heap Roots: 0.1ms
[7.542s][info][gc,phases   ] GC(26)   Evacuate Collection Set: 11.5ms
[7.542s][info][gc,phases   ] GC(26)   Post Evacuate Collection Set: 0.6ms
[7.542s][info][gc,phases   ] GC(26)   Other: 0.1ms
[7.542s][info][gc,heap     ] GC(26) Eden regions: 100->0(104)
[7.542s][info][gc,heap     ] GC(26) Survivor regions: 12->7(14)
[7.542s][info][gc,heap     ] GC(26) Old regions: 74->80
[7.542s][info][gc,heap     ] GC(26) Humongous regions: 10->10
[7.542s][info][gc,metaspace] GC(26) Metaspace: 171857K(174400K)->171857K(174400K) NonClass: 151156K(152576K)->151156K(152576K) Class: 20700K(21824K)->20700K(21824K)
[7.542s][info][gc          ] GC(26) Pause Young (Normal) (G1 Evacuation Pause) 389M->191M(444M) 13.052ms
[7.542s][info][gc,cpu      ] GC(26) User=0.08s Sys=0.01s Real=0.01s
[7.767s][info][gc,start    ] GC(27) Pause Young (Concurrent Start) (G1 Evacuation Pause)
[7.767s][info][gc,task     ] GC(27) Using 8 workers of 8 for evacuation
[7.770s][info][gc,phases   ] GC(27)   Pre Evacuate Collection Set: 0.1ms
[7.770s][info][gc,phases   ] GC(27)   Merge Heap Roots: 0.1ms
[7.770s][info][gc,phases   ] GC(27)   Evacuate Collection Set: 2.4ms
[7.770s][info][gc,phases   ] GC(27)   Post Evacuate Collection Set: 0.3ms
[7.770s][info][gc,phases   ] GC(27)   Other: 0.1ms
[7.770s][info][gc,heap     ] GC(27) Eden regions: 104->0(106)
[7.770s][info][gc,heap     ] GC(27) Survivor regions: 7->7(14)
[7.770s][info][gc,heap     ] GC(27) Old regions: 80->80
[7.770s][info][gc,heap     ] GC(27) Humongous regions: 10->10
[7.770s][info][gc,metaspace] GC(27) Metaspace: 171964K(174528K)->171964K(174528K) NonClass: 151263K(152704K)->151263K(152704K) Class: 20700K(21824K)->20700K(21824K)
[7.770s][info][gc          ] GC(27) Pause Young (Concurrent Start) (G1 Evacuation Pause) 399M->191M(444M) 3.394ms
[7.770s][info][gc,cpu      ] GC(27) User=0.02s Sys=0.00s Real=0.00s
[7.770s][info][gc          ] GC(28) Concurrent Mark Cycle
[7.771s][info][gc,marking  ] GC(28) Concurrent Scan Root Regions
[7.783s][info][gc,marking  ] GC(28) Concurrent Scan Root Regions 11.525ms
[7.783s][info][gc,marking  ] GC(28) Concurrent Mark
[7.783s][info][gc,marking  ] GC(28) Concurrent Mark From Roots
[7.783s][info][gc,task     ] GC(28) Using 2 workers of 2 for marking
[7.877s][info][gc,start    ] GC(29) Pause Young (Normal) (G1 Evacuation Pause)
[7.877s][info][gc,task     ] GC(29) Using 8 workers of 8 for evacuation
[7.880s][info][gc,phases   ] GC(29)   Pre Evacuate Collection Set: 0.1ms
[7.880s][info][gc,phases   ] GC(29)   Merge Heap Roots: 0.1ms
[7.880s][info][gc,phases   ] GC(29)   Evacuate Collection Set: 2.2ms
[7.880s][info][gc,phases   ] GC(29)   Post Evacuate Collection Set: 0.4ms
[7.880s][info][gc,phases   ] GC(29)   Other: 0.1ms
[7.880s][info][gc,heap     ] GC(29) Eden regions: 106->0(104)
[7.880s][info][gc,heap     ] GC(29) Survivor regions: 7->8(15)
[7.880s][info][gc,heap     ] GC(29) Old regions: 80->80
[7.880s][info][gc,heap     ] GC(29) Humongous regions: 10->10
[7.880s][info][gc,metaspace] GC(29) Metaspace: 172064K(174592K)->172064K(174592K) NonClass: 151363K(152768K)->151363K(152768K) Class: 20701K(21824K)->20701K(21824K)
[7.880s][info][gc          ] GC(29) Pause Young (Normal) (G1 Evacuation Pause) 403M->192M(444M) 3.413ms
[7.880s][info][gc,cpu      ] GC(29) User=0.02s Sys=0.00s Real=0.00s
[7.920s][info][gc,marking  ] GC(28) Concurrent Mark From Roots 137.093ms
[7.920s][info][gc,marking  ] GC(28) Concurrent Preclean
[7.921s][info][gc,marking  ] GC(28) Concurrent Preclean 1.087ms
[7.923s][info][gc,start    ] GC(28) Pause Remark
[7.949s][info][gc          ] GC(28) Pause Remark 260M->260M(444M) 25.811ms
[7.949s][info][gc,cpu      ] GC(28) User=0.19s Sys=0.00s Real=0.03s
[7.950s][info][gc,marking  ] GC(28) Concurrent Mark 166.701ms
[7.951s][info][gc,marking  ] GC(28) Concurrent Rebuild Remembered Sets and Scrub Regions
[8.001s][info][gc,marking  ] GC(28) Concurrent Rebuild Remembered Sets and Scrub Regions 49.845ms
[8.002s][info][gc,start    ] GC(28) Pause Cleanup
[8.002s][info][gc          ] GC(28) Pause Cleanup 268M->268M(444M) 0.189ms
[8.002s][info][gc,cpu      ] GC(28) User=0.00s Sys=0.00s Real=0.00s
[8.002s][info][gc,marking  ] GC(28) Concurrent Clear Claimed Marks
[8.003s][info][gc,marking  ] GC(28) Concurrent Clear Claimed Marks 0.355ms
[8.003s][info][gc,marking  ] GC(28) Concurrent Cleanup for Next Mark
[8.005s][info][gc,marking  ] GC(28) Concurrent Cleanup for Next Mark 2.408ms
[8.005s][info][gc          ] GC(28) Concurrent Mark Cycle 234.788ms
[8.548s][info][gc,start    ] GC(30) Pause Young (Prepare Mixed) (G1 Evacuation Pause)
[8.548s][info][gc,task     ] GC(30) Using 8 workers of 8 for evacuation
[8.559s][info][gc,phases   ] GC(30)   Pre Evacuate Collection Set: 0.3ms
[8.559s][info][gc,phases   ] GC(30)   Merge Heap Roots: 0.1ms
[8.559s][info][gc,phases   ] GC(30)   Evacuate Collection Set: 8.9ms
[8.559s][info][gc,phases   ] GC(30)   Post Evacuate Collection Set: 1.0ms
[8.559s][info][gc,phases   ] GC(30)   Other: 0.1ms
[8.559s][info][gc,heap     ] GC(30) Eden regions: 104->0(91)
[8.559s][info][gc,heap     ] GC(30) Survivor regions: 8->14(14)
[8.559s][info][gc,heap     ] GC(30) Old regions: 80->81
[8.559s][info][gc,heap     ] GC(30) Humongous regions: 10->10
[8.559s][info][gc,metaspace] GC(30) Metaspace: 187851K(190336K)->187851K(190336K) NonClass: 165126K(166528K)->165126K(166528K) Class: 22724K(23808K)->22724K(23808K)
[8.559s][info][gc          ] GC(30) Pause Young (Prepare Mixed) (G1 Evacuation Pause) 400M->207M(444M) 11.098ms
[8.559s][info][gc,cpu      ] GC(30) User=0.06s Sys=0.00s Real=0.01s
[9.291s][info][gc,start    ] GC(31) Pause Young (Mixed) (G1 Evacuation Pause)
[9.291s][info][gc,task     ] GC(31) Using 8 workers of 8 for evacuation
[9.305s][info][gc,phases   ] GC(31)   Pre Evacuate Collection Set: 0.2ms
[9.305s][info][gc,phases   ] GC(31)   Merge Heap Roots: 0.1ms
[9.305s][info][gc,phases   ] GC(31)   Evacuate Collection Set: 12.6ms
[9.305s][info][gc,phases   ] GC(31)   Post Evacuate Collection Set: 1.3ms
[9.305s][info][gc,phases   ] GC(31)   Other: 0.1ms
[9.305s][info][gc,heap     ] GC(31) Eden regions: 91->0(102)
[9.305s][info][gc,heap     ] GC(31) Survivor regions: 14->5(14)
[9.305s][info][gc,heap     ] GC(31) Old regions: 81->89
[9.305s][info][gc,heap     ] GC(31) Humongous regions: 11->9
[9.305s][info][gc,metaspace] GC(31) Metaspace: 189310K(191808K)->189310K(191808K) NonClass: 166459K(167872K)->166459K(167872K) Class: 22851K(23936K)->22851K(23936K)
[9.306s][info][gc          ] GC(31) Pause Young (Mixed) (G1 Evacuation Pause) 391M->203M(444M) 15.042ms
[9.306s][info][gc,cpu      ] GC(31) User=0.09s Sys=0.00s Real=0.02s
[9.692s][info][gc,start    ] GC(32) Pause Young (Concurrent Start) (G1 Humongous Allocation)
[9.692s][info][gc,task     ] GC(32) Using 8 workers of 8 for evacuation
[9.700s][info][gc,phases   ] GC(32)   Pre Evacuate Collection Set: 0.4ms
[9.700s][info][gc,phases   ] GC(32)   Merge Heap Roots: 0.1ms
[9.700s][info][gc,phases   ] GC(32)   Evacuate Collection Set: 6.2ms
[9.700s][info][gc,phases   ] GC(32)   Post Evacuate Collection Set: 0.6ms
[9.700s][info][gc,phases   ] GC(32)   Other: 0.2ms
[9.700s][info][gc,heap     ] GC(32) Eden regions: 32->0(102)
[9.700s][info][gc,heap     ] GC(32) Survivor regions: 5->5(14)
[9.700s][info][gc,heap     ] GC(32) Old regions: 89->89
[9.700s][info][gc,heap     ] GC(32) Humongous regions: 9->9
[9.700s][info][gc,metaspace] GC(32) Metaspace: 189438K(191936K)->189438K(191936K) NonClass: 166566K(167936K)->166566K(167936K) Class: 22871K(24000K)->22871K(24000K)
[9.700s][info][gc          ] GC(32) Pause Young (Concurrent Start) (G1 Humongous Allocation) 265M->202M(444M) 8.080ms
[9.700s][info][gc,cpu      ] GC(32) User=0.05s Sys=0.01s Real=0.01s
[9.700s][info][gc          ] GC(33) Concurrent Mark Cycle
[9.700s][info][gc,marking  ] GC(33) Concurrent Scan Root Regions
[9.711s][info][gc,marking  ] GC(33) Concurrent Scan Root Regions 10.520ms
[9.712s][info][gc,marking  ] GC(33) Concurrent Mark
[9.712s][info][gc,marking  ] GC(33) Concurrent Mark From Roots
[9.712s][info][gc,task     ] GC(33) Using 2 workers of 2 for marking
[9.815s][info][gc,marking  ] GC(33) Concurrent Mark From Roots 103.278ms
[9.815s][info][gc,marking  ] GC(33) Concurrent Preclean
[9.816s][info][gc,marking  ] GC(33) Concurrent Preclean 1.069ms
[9.818s][info][gc,start    ] GC(33) Pause Remark
[9.861s][info][gc          ] GC(33) Pause Remark 217M->217M(444M) 43.498ms
[9.862s][info][gc,cpu      ] GC(33) User=0.28s Sys=0.00s Real=0.04s
[9.862s][info][gc,marking  ] GC(33) Concurrent Mark 150.329ms
[9.862s][info][gc,marking  ] GC(33) Concurrent Rebuild Remembered Sets and Scrub Regions
[9.922s][info][gc,marking  ] GC(33) Concurrent Rebuild Remembered Sets and Scrub Regions 60.424ms
[9.925s][info][gc,start    ] GC(33) Pause Cleanup
[9.925s][info][gc          ] GC(33) Pause Cleanup 225M->225M(444M) 0.174ms
[9.925s][info][gc,cpu      ] GC(33) User=0.00s Sys=0.00s Real=0.00s
[9.926s][info][gc,marking  ] GC(33) Concurrent Clear Claimed Marks
[9.926s][info][gc,marking  ] GC(33) Concurrent Clear Claimed Marks 0.312ms
[9.926s][info][gc,marking  ] GC(33) Concurrent Cleanup for Next Mark
[9.928s][info][gc,marking  ] GC(33) Concurrent Cleanup for Next Mark 1.577ms
[9.928s][info][gc          ] GC(33) Concurrent Mark Cycle 227.846ms
[11.495s][info][gc,start    ] GC(34) Pause Young (Prepare Mixed) (G1 Evacuation Pause)
[11.495s][info][gc,task     ] GC(34) Using 8 workers of 8 for evacuation
[11.532s][info][gc,phases   ] GC(34)   Pre Evacuate Collection Set: 0.4ms
[11.532s][info][gc,phases   ] GC(34)   Merge Heap Roots: 0.3ms
[11.532s][info][gc,phases   ] GC(34)   Evacuate Collection Set: 33.5ms
[11.532s][info][gc,phases   ] GC(34)   Post Evacuate Collection Set: 2.0ms
[11.532s][info][gc,phases   ] GC(34)   Other: 0.2ms
[11.532s][info][gc,heap     ] GC(34) Eden regions: 102->0(82)
[11.532s][info][gc,heap     ] GC(34) Survivor regions: 5->14(14)
[11.532s][info][gc,heap     ] GC(34) Old regions: 89->91
[11.532s][info][gc,heap     ] GC(34) Humongous regions: 11->10
[11.532s][info][gc,metaspace] GC(34) Metaspace: 206696K(209536K)->206696K(209536K) NonClass: 181544K(183104K)->181544K(183104K) Class: 25152K(26432K)->25152K(26432K)
[11.532s][info][gc          ] GC(34) Pause Young (Prepare Mixed) (G1 Evacuation Pause) 410M->228M(446M) 37.191ms
[11.532s][info][gc,cpu      ] GC(34) User=0.21s Sys=0.01s Real=0.04s
[12.052s][info][gc,start    ] GC(35) Pause Young (Mixed) (G1 Evacuation Pause)
[12.053s][info][gc,task     ] GC(35) Using 8 workers of 8 for evacuation
[12.071s][info][gc,phases   ] GC(35)   Pre Evacuate Collection Set: 0.4ms
[12.072s][info][gc,phases   ] GC(35)   Merge Heap Roots: 0.2ms
[12.072s][info][gc,phases   ] GC(35)   Evacuate Collection Set: 15.8ms
[12.072s][info][gc,phases   ] GC(35)   Post Evacuate Collection Set: 2.2ms
[12.072s][info][gc,phases   ] GC(35)   Other: 0.2ms
[12.072s][info][gc,heap     ] GC(35) Eden regions: 82->0(91)
[12.073s][info][gc,heap     ] GC(35) Survivor regions: 14->2(12)
[12.073s][info][gc,heap     ] GC(35) Old regions: 91->102
[12.073s][info][gc,heap     ] GC(35) Humongous regions: 10->10
[12.073s][info][gc,metaspace] GC(35) Metaspace: 206833K(209664K)->206833K(209664K) NonClass: 181665K(183232K)->181665K(183232K) Class: 25168K(26432K)->25168K(26432K)
[12.073s][info][gc          ] GC(35) Pause Young (Mixed) (G1 Evacuation Pause) 392M->225M(446M) 20.590ms
[12.073s][info][gc,cpu      ] GC(35) User=0.11s Sys=0.00s Real=0.02s
[12.561s][info][gc,start    ] GC(36) Pause Young (Concurrent Start) (G1 Evacuation Pause)
[12.561s][info][gc,task     ] GC(36) Using 8 workers of 8 for evacuation
[12.577s][info][gc,phases   ] GC(36)   Pre Evacuate Collection Set: 0.7ms
[12.577s][info][gc,phases   ] GC(36)   Merge Heap Roots: 0.1ms
[12.577s][info][gc,phases   ] GC(36)   Evacuate Collection Set: 12.1ms
[12.577s][info][gc,phases   ] GC(36)   Post Evacuate Collection Set: 0.7ms
[12.577s][info][gc,phases   ] GC(36)   Other: 1.7ms
[12.577s][info][gc,heap     ] GC(36) Eden regions: 91->0(91)
[12.577s][info][gc,heap     ] GC(36) Survivor regions: 2->4(12)
[12.577s][info][gc,heap     ] GC(36) Old regions: 102->102
[12.577s][info][gc,heap     ] GC(36) Humongous regions: 10->10
[12.577s][info][gc,metaspace] GC(36) Metaspace: 208596K(211456K)->208596K(211456K) NonClass: 183252K(184832K)->183252K(184832K) Class: 25343K(26624K)->25343K(26624K)
[12.577s][info][gc          ] GC(36) Pause Young (Concurrent Start) (G1 Evacuation Pause) 407M->228M(446M) 16.183ms
[12.577s][info][gc          ] GC(37) Concurrent Mark Cycle
[12.577s][info][gc,marking  ] GC(37) Concurrent Scan Root Regions
[12.577s][info][gc,cpu      ] GC(36) User=0.06s Sys=0.00s Real=0.02s
[12.584s][info][gc,marking  ] GC(37) Concurrent Scan Root Regions 6.138ms
[12.584s][info][gc,marking  ] GC(37) Concurrent Mark
[12.584s][info][gc,marking  ] GC(37) Concurrent Mark From Roots
[12.584s][info][gc,task     ] GC(37) Using 2 workers of 2 for marking
[12.710s][info][gc,marking  ] GC(37) Concurrent Mark From Roots 126.473ms
[12.710s][info][gc,marking  ] GC(37) Concurrent Preclean
[12.714s][info][gc,marking  ] GC(37) Concurrent Preclean 3.268ms
[12.717s][info][gc,start    ] GC(37) Pause Remark
[12.751s][info][gc          ] GC(37) Pause Remark 310M->310M(446M) 34.203ms
[12.751s][info][gc,cpu      ] GC(37) User=0.21s Sys=0.00s Real=0.03s
[12.752s][info][gc,marking  ] GC(37) Concurrent Mark 167.870ms
[12.754s][info][gc,marking  ] GC(37) Concurrent Rebuild Remembered Sets and Scrub Regions
[12.849s][info][gc,marking  ] GC(37) Concurrent Rebuild Remembered Sets and Scrub Regions 95.786ms
[12.851s][info][gc,start    ] GC(37) Pause Cleanup
[12.851s][info][gc          ] GC(37) Pause Cleanup 383M->383M(446M) 0.152ms
[12.851s][info][gc,cpu      ] GC(37) User=0.00s Sys=0.00s Real=0.00s
[12.852s][info][gc,marking  ] GC(37) Concurrent Clear Claimed Marks
[12.853s][info][gc,marking  ] GC(37) Concurrent Clear Claimed Marks 1.122ms
[12.853s][info][gc,marking  ] GC(37) Concurrent Cleanup for Next Mark
[12.854s][info][gc,marking  ] GC(37) Concurrent Cleanup for Next Mark 0.881ms
[12.854s][info][gc          ] GC(37) Concurrent Mark Cycle 276.715ms
[12.881s][info][gc,start    ] GC(38) Pause Young (Prepare Mixed) (GCLocker Initiated GC)
[12.881s][info][gc,task     ] GC(38) Using 8 workers of 8 for evacuation
[12.887s][info][gc,phases   ] GC(38)   Pre Evacuate Collection Set: 0.1ms
[12.887s][info][gc,phases   ] GC(38)   Merge Heap Roots: 0.1ms
[12.887s][info][gc,phases   ] GC(38)   Evacuate Collection Set: 5.3ms
[12.887s][info][gc,phases   ] GC(38)   Post Evacuate Collection Set: 0.5ms
[12.887s][info][gc,phases   ] GC(38)   Other: 0.1ms
[12.887s][info][gc,heap     ] GC(38) Eden regions: 92->0(83)
[12.887s][info][gc,heap     ] GC(38) Survivor regions: 4->8(12)
[12.887s][info][gc,heap     ] GC(38) Old regions: 102->102
[12.887s][info][gc,heap     ] GC(38) Humongous regions: 10->10
[12.887s][info][gc,metaspace] GC(38) Metaspace: 208836K(211712K)->208836K(211712K) NonClass: 183475K(185088K)->183475K(185088K) Class: 25360K(26624K)->25360K(26624K)
[12.887s][info][gc          ] GC(38) Pause Young (Prepare Mixed) (GCLocker Initiated GC) 410M->237M(446M) 6.662ms
[12.887s][info][gc,cpu      ] GC(38) User=0.04s Sys=0.00s Real=0.01s
[13.021s][info][gc,start    ] GC(39) Pause Young (Mixed) (G1 Evacuation Pause)
[13.021s][info][gc,task     ] GC(39) Using 8 workers of 8 for evacuation
[13.029s][info][gc,phases   ] GC(39)   Pre Evacuate Collection Set: 0.1ms
[13.029s][info][gc,phases   ] GC(39)   Merge Heap Roots: 0.1ms
[13.029s][info][gc,phases   ] GC(39)   Evacuate Collection Set: 6.8ms
[13.029s][info][gc,phases   ] GC(39)   Post Evacuate Collection Set: 0.5ms
[13.029s][info][gc,phases   ] GC(39)   Other: 0.1ms
[13.029s][info][gc,heap     ] GC(39) Eden regions: 83->0(83)
[13.029s][info][gc,heap     ] GC(39) Survivor regions: 8->8(12)
[13.029s][info][gc,heap     ] GC(39) Old regions: 102->102
[13.029s][info][gc,heap     ] GC(39) Humongous regions: 10->10
[13.029s][info][gc,metaspace] GC(39) Metaspace: 208888K(211712K)->208888K(211712K) NonClass: 183527K(185088K)->183527K(185088K) Class: 25360K(26624K)->25360K(26624K)
[13.029s][info][gc          ] GC(39) Pause Young (Mixed) (G1 Evacuation Pause) 403M->236M(446M) 8.176ms
[13.029s][info][gc,cpu      ] GC(39) User=0.06s Sys=0.00s Real=0.01s
[13.221s][info][gc,start    ] GC(40) Pause Young (Concurrent Start) (G1 Evacuation Pause)
[13.221s][info][gc,task     ] GC(40) Using 8 workers of 8 for evacuation
[13.227s][info][gc,phases   ] GC(40)   Pre Evacuate Collection Set: 0.2ms
[13.227s][info][gc,phases   ] GC(40)   Merge Heap Roots: 0.1ms
[13.227s][info][gc,phases   ] GC(40)   Evacuate Collection Set: 4.7ms
[13.227s][info][gc,phases   ] GC(40)   Post Evacuate Collection Set: 0.9ms
[13.227s][info][gc,phases   ] GC(40)   Other: 0.1ms
[13.227s][info][gc,heap     ] GC(40) Eden regions: 83->0(137)
[13.228s][info][gc,heap     ] GC(40) Survivor regions: 8->8(12)
[13.228s][info][gc,heap     ] GC(40) Old regions: 102->103
[13.228s][info][gc,heap     ] GC(40) Humongous regions: 10->10
[13.228s][info][gc,metaspace] GC(40) Metaspace: 208958K(211776K)->208958K(211776K) NonClass: 183596K(185152K)->183596K(185152K) Class: 25361K(26624K)->25361K(26624K)
[13.228s][info][gc          ] GC(40) Pause Young (Concurrent Start) (G1 Evacuation Pause) 402M->239M(562M) 6.580ms
[13.228s][info][gc          ] GC(41) Concurrent Mark Cycle
[13.228s][info][gc,marking  ] GC(41) Concurrent Scan Root Regions
[13.228s][info][gc,cpu      ] GC(40) User=0.03s Sys=0.01s Real=0.01s
[13.231s][info][gc,marking  ] GC(41) Concurrent Scan Root Regions 3.096ms
[13.231s][info][gc,marking  ] GC(41) Concurrent Mark
[13.231s][info][gc,marking  ] GC(41) Concurrent Mark From Roots
[13.231s][info][gc,task     ] GC(41) Using 2 workers of 2 for marking
[13.313s][info][gc,marking  ] GC(41) Concurrent Mark From Roots 81.410ms
[13.314s][info][gc,marking  ] GC(41) Concurrent Preclean
[13.315s][info][gc,marking  ] GC(41) Concurrent Preclean 1.660ms
[13.317s][info][gc,start    ] GC(41) Pause Remark
[13.362s][info][gc          ] GC(41) Pause Remark 274M->274M(562M) 44.789ms
[13.362s][info][gc,cpu      ] GC(41) User=0.26s Sys=0.01s Real=0.04s
[13.362s][info][gc,marking  ] GC(41) Concurrent Mark 131.113ms
[13.362s][info][gc,marking  ] GC(41) Concurrent Rebuild Remembered Sets and Scrub Regions
[13.449s][info][gc,marking  ] GC(41) Concurrent Rebuild Remembered Sets and Scrub Regions 86.572ms
[13.450s][info][gc,start    ] GC(41) Pause Cleanup
[13.450s][info][gc          ] GC(41) Pause Cleanup 307M->307M(562M) 0.182ms
[13.450s][info][gc,cpu      ] GC(41) User=0.00s Sys=0.00s Real=0.00s
[13.450s][info][gc,marking  ] GC(41) Concurrent Clear Claimed Marks
[13.451s][info][gc,marking  ] GC(41) Concurrent Clear Claimed Marks 0.433ms
[13.451s][info][gc,marking  ] GC(41) Concurrent Cleanup for Next Mark
[13.452s][info][gc,marking  ] GC(41) Concurrent Cleanup for Next Mark 1.042ms
[13.452s][info][gc          ] GC(41) Concurrent Mark Cycle 224.367ms
[13.724s][info][gc,start    ] GC(42) Pause Young (Prepare Mixed) (G1 Evacuation Pause)
[13.727s][info][gc,task     ] GC(42) Using 8 workers of 8 for evacuation
[13.736s][info][gc,phases   ] GC(42)   Pre Evacuate Collection Set: 0.3ms
[13.736s][info][gc,phases   ] GC(42)   Merge Heap Roots: 0.2ms
[13.736s][info][gc,phases   ] GC(42)   Evacuate Collection Set: 7.9ms
[13.736s][info][gc,phases   ] GC(42)   Post Evacuate Collection Set: 0.7ms
[13.736s][info][gc,phases   ] GC(42)   Other: 0.2ms
[13.736s][info][gc,heap     ] GC(42) Eden regions: 137->0(137)
[13.736s][info][gc,heap     ] GC(42) Survivor regions: 8->8(19)
[13.736s][info][gc,heap     ] GC(42) Old regions: 103->103
[13.736s][info][gc,heap     ] GC(42) Humongous regions: 10->10
[13.736s][info][gc,metaspace] GC(42) Metaspace: 209170K(212032K)->209170K(212032K) NonClass: 183796K(185408K)->183796K(185408K) Class: 25374K(26624K)->25374K(26624K)
[13.736s][info][gc          ] GC(42) Pause Young (Prepare Mixed) (G1 Evacuation Pause) 513M->239M(562M) 12.499ms
[13.736s][info][gc,cpu      ] GC(42) User=0.05s Sys=0.00s Real=0.02s
[14.094s][info][gc,start    ] GC(43) Pause Young (Mixed) (G1 Evacuation Pause)
[14.095s][info][gc,task     ] GC(43) Using 8 workers of 8 for evacuation
[14.114s][info][gc,phases   ] GC(43)   Pre Evacuate Collection Set: 0.5ms
[14.114s][info][gc,phases   ] GC(43)   Merge Heap Roots: 1.4ms
[14.114s][info][gc,phases   ] GC(43)   Evacuate Collection Set: 16.5ms
[14.115s][info][gc,phases   ] GC(43)   Post Evacuate Collection Set: 0.9ms
[14.115s][info][gc,phases   ] GC(43)   Other: 0.1ms
[14.115s][info][gc,heap     ] GC(43) Eden regions: 137->0(133)
[14.115s][info][gc,heap     ] GC(43) Survivor regions: 8->11(19)
[14.115s][info][gc,heap     ] GC(43) Old regions: 103->101
[14.115s][info][gc,heap     ] GC(43) Humongous regions: 10->10
[14.115s][info][gc,metaspace] GC(43) Metaspace: 209211K(212032K)->209211K(212032K) NonClass: 183837K(185408K)->183837K(185408K) Class: 25374K(26624K)->25374K(26624K)
[14.115s][info][gc          ] GC(43) Pause Young (Mixed) (G1 Evacuation Pause) 513M->242M(562M) 20.657ms
[14.115s][info][gc,cpu      ] GC(43) User=0.12s Sys=0.01s Real=0.02s
[14.432s][info][gc,start    ] GC(44) Pause Young (Concurrent Start) (G1 Evacuation Pause)
[14.432s][info][gc,task     ] GC(44) Using 8 workers of 8 for evacuation
[14.440s][info][gc,phases   ] GC(44)   Pre Evacuate Collection Set: 0.2ms
[14.440s][info][gc,phases   ] GC(44)   Merge Heap Roots: 0.1ms
[14.440s][info][gc,phases   ] GC(44)   Evacuate Collection Set: 7.3ms
[14.440s][info][gc,phases   ] GC(44)   Post Evacuate Collection Set: 0.6ms
[14.440s][info][gc,phases   ] GC(44)   Other: 0.1ms
[14.440s][info][gc,heap     ] GC(44) Eden regions: 133->0(131)
[14.440s][info][gc,heap     ] GC(44) Survivor regions: 11->11(18)
[14.441s][info][gc,heap     ] GC(44) Old regions: 101->103
[14.441s][info][gc,heap     ] GC(44) Humongous regions: 10->10
[14.441s][info][gc,metaspace] GC(44) Metaspace: 210057K(212864K)->210057K(212864K) NonClass: 184575K(186112K)->184575K(186112K) Class: 25482K(26752K)->25482K(26752K)
[14.441s][info][gc          ] GC(44) Pause Young (Concurrent Start) (G1 Evacuation Pause) 508M->244M(562M) 8.891ms
[14.441s][info][gc,cpu      ] GC(44) User=0.04s Sys=0.00s Real=0.01s
[14.441s][info][gc          ] GC(45) Concurrent Mark Cycle
[14.441s][info][gc,marking  ] GC(45) Concurrent Scan Root Regions
[14.449s][info][gc,marking  ] GC(45) Concurrent Scan Root Regions 7.707ms
[14.449s][info][gc,marking  ] GC(45) Concurrent Mark
[14.449s][info][gc,marking  ] GC(45) Concurrent Mark From Roots
[14.449s][info][gc,task     ] GC(45) Using 2 workers of 2 for marking
[14.523s][info][gc,marking  ] GC(45) Concurrent Mark From Roots 73.603ms
[14.523s][info][gc,marking  ] GC(45) Concurrent Preclean
[14.523s][info][gc,marking  ] GC(45) Concurrent Preclean 0.416ms
[14.523s][info][gc,start    ] GC(45) Pause Remark
[14.540s][info][gc          ] GC(45) Pause Remark 297M->297M(562M) 16.987ms
[14.541s][info][gc,cpu      ] GC(45) User=0.10s Sys=0.00s Real=0.02s
[14.541s][info][gc,marking  ] GC(45) Concurrent Mark 92.033ms
[14.541s][info][gc,marking  ] GC(45) Concurrent Rebuild Remembered Sets and Scrub Regions
[14.587s][info][gc,marking  ] GC(45) Concurrent Rebuild Remembered Sets and Scrub Regions 45.406ms
[14.587s][info][gc,start    ] GC(45) Pause Cleanup
[14.587s][info][gc          ] GC(45) Pause Cleanup 323M->323M(562M) 0.163ms
[14.587s][info][gc,cpu      ] GC(45) User=0.00s Sys=0.00s Real=0.00s
[14.587s][info][gc,marking  ] GC(45) Concurrent Clear Claimed Marks
[14.587s][info][gc,marking  ] GC(45) Concurrent Clear Claimed Marks 0.327ms
[14.588s][info][gc,marking  ] GC(45) Concurrent Cleanup for Next Mark
[14.588s][info][gc,marking  ] GC(45) Concurrent Cleanup for Next Mark 0.768ms
[14.588s][info][gc          ] GC(45) Concurrent Mark Cycle 147.675ms
[14.765s][info][gc,start    ] GC(46) Pause Young (Prepare Mixed) (G1 Evacuation Pause)
[14.765s][info][gc,task     ] GC(46) Using 8 workers of 8 for evacuation
[14.770s][info][gc,phases   ] GC(46)   Pre Evacuate Collection Set: 0.1ms
[14.770s][info][gc,phases   ] GC(46)   Merge Heap Roots: 0.1ms
[14.770s][info][gc,phases   ] GC(46)   Evacuate Collection Set: 4.5ms
[14.770s][info][gc,phases   ] GC(46)   Post Evacuate Collection Set: 0.5ms
[14.770s][info][gc,phases   ] GC(46)   Other: 0.1ms
[14.771s][info][gc,heap     ] GC(46) Eden regions: 131->0(134)
[14.771s][info][gc,heap     ] GC(46) Survivor regions: 11->9(18)
[14.771s][info][gc,heap     ] GC(46) Old regions: 103->104
[14.771s][info][gc,heap     ] GC(46) Humongous regions: 10->10
[14.771s][info][gc,metaspace] GC(46) Metaspace: 210096K(212928K)->210096K(212928K) NonClass: 184610K(186176K)->184610K(186176K) Class: 25486K(26752K)->25486K(26752K)
[14.771s][info][gc          ] GC(46) Pause Young (Prepare Mixed) (G1 Evacuation Pause) 506M->243M(562M) 5.688ms
[14.771s][info][gc,cpu      ] GC(46) User=0.03s Sys=0.00s Real=0.01s
[14.927s][info][gc,start    ] GC(47) Pause Young (Mixed) (G1 Evacuation Pause)
[14.927s][info][gc,task     ] GC(47) Using 8 workers of 8 for evacuation
[14.937s][info][gc,phases   ] GC(47)   Pre Evacuate Collection Set: 0.2ms
[14.938s][info][gc,phases   ] GC(47)   Merge Heap Roots: 0.1ms
[14.938s][info][gc,phases   ] GC(47)   Evacuate Collection Set: 8.9ms
[14.938s][info][gc,phases   ] GC(47)   Post Evacuate Collection Set: 0.6ms
[14.938s][info][gc,phases   ] GC(47)   Other: 0.2ms
[14.938s][info][gc,heap     ] GC(47) Eden regions: 134->0(131)
[14.938s][info][gc,heap     ] GC(47) Survivor regions: 9->11(18)
[14.938s][info][gc,heap     ] GC(47) Old regions: 104->103
[14.938s][info][gc,heap     ] GC(47) Humongous regions: 10->10
[14.938s][info][gc,metaspace] GC(47) Metaspace: 210107K(212928K)->210107K(212928K) NonClass: 184621K(186176K)->184621K(186176K) Class: 25486K(26752K)->25486K(26752K)
[14.938s][info][gc          ] GC(47) Pause Young (Mixed) (G1 Evacuation Pause) 511M->243M(562M) 11.114ms
[14.938s][info][gc,cpu      ] GC(47) User=0.07s Sys=0.01s Real=0.01s
[15.128s][info][gc,start    ] GC(48) Pause Young (Concurrent Start) (G1 Evacuation Pause)
[15.128s][info][gc,task     ] GC(48) Using 8 workers of 8 for evacuation
[15.133s][info][gc,phases   ] GC(48)   Pre Evacuate Collection Set: 0.2ms
[15.133s][info][gc,phases   ] GC(48)   Merge Heap Roots: 0.1ms
[15.133s][info][gc,phases   ] GC(48)   Evacuate Collection Set: 3.8ms
[15.133s][info][gc,phases   ] GC(48)   Post Evacuate Collection Set: 0.5ms
[15.133s][info][gc,phases   ] GC(48)   Other: 0.1ms
[15.133s][info][gc,heap     ] GC(48) Eden regions: 131->0(137)
[15.133s][info][gc,heap     ] GC(48) Survivor regions: 11->8(18)
[15.133s][info][gc,heap     ] GC(48) Old regions: 103->103
[15.133s][info][gc,heap     ] GC(48) Humongous regions: 10->10
[15.133s][info][gc,metaspace] GC(48) Metaspace: 210120K(212928K)->210120K(212928K) NonClass: 184634K(186176K)->184634K(186176K) Class: 25486K(26752K)->25486K(26752K)
[15.133s][info][gc          ] GC(48) Pause Young (Concurrent Start) (G1 Evacuation Pause) 505M->240M(562M) 5.300ms
[15.133s][info][gc,cpu      ] GC(48) User=0.02s Sys=0.00s Real=0.00s
[15.133s][info][gc          ] GC(49) Concurrent Mark Cycle
[15.134s][info][gc,marking  ] GC(49) Concurrent Scan Root Regions
[15.137s][info][gc,marking  ] GC(49) Concurrent Scan Root Regions 3.250ms
[15.139s][info][gc,marking  ] GC(49) Concurrent Mark
[15.139s][info][gc,marking  ] GC(49) Concurrent Mark From Roots
[15.139s][info][gc,task     ] GC(49) Using 2 workers of 2 for marking
[15.209s][info][gc,marking  ] GC(49) Concurrent Mark From Roots 69.974ms
[15.209s][info][gc,marking  ] GC(49) Concurrent Preclean
[15.210s][info][gc,marking  ] GC(49) Concurrent Preclean 0.575ms
[15.210s][info][gc,start    ] GC(49) Pause Remark
[15.219s][info][gc          ] GC(49) Pause Remark 297M->297M(562M) 9.227ms
[15.219s][info][gc,cpu      ] GC(49) User=0.05s Sys=0.00s Real=0.01s
[15.220s][info][gc,marking  ] GC(49) Concurrent Mark 81.197ms
[15.220s][info][gc,marking  ] GC(49) Concurrent Rebuild Remembered Sets and Scrub Regions
[15.263s][info][gc,marking  ] GC(49) Concurrent Rebuild Remembered Sets and Scrub Regions 43.185ms
[15.264s][info][gc,start    ] GC(49) Pause Cleanup
[15.264s][info][gc          ] GC(49) Pause Cleanup 331M->331M(562M) 0.163ms
[15.264s][info][gc,cpu      ] GC(49) User=0.00s Sys=0.00s Real=0.00s
[15.264s][info][gc,marking  ] GC(49) Concurrent Clear Claimed Marks
[15.264s][info][gc,marking  ] GC(49) Concurrent Clear Claimed Marks 0.311ms
[15.264s][info][gc,marking  ] GC(49) Concurrent Cleanup for Next Mark
[15.265s][info][gc,marking  ] GC(49) Concurrent Cleanup for Next Mark 0.263ms
[15.265s][info][gc          ] GC(49) Concurrent Mark Cycle 131.287ms
[15.464s][info][gc,start    ] GC(50) Pause Young (Prepare Mixed) (G1 Evacuation Pause)
[15.464s][info][gc,task     ] GC(50) Using 8 workers of 8 for evacuation
[15.472s][info][gc,phases   ] GC(50)   Pre Evacuate Collection Set: 0.2ms
[15.472s][info][gc,phases   ] GC(50)   Merge Heap Roots: 0.1ms
[15.472s][info][gc,phases   ] GC(50)   Evacuate Collection Set: 6.6ms
[15.472s][info][gc,phases   ] GC(50)   Post Evacuate Collection Set: 0.6ms
[15.472s][info][gc,phases   ] GC(50)   Other: 0.1ms
[15.472s][info][gc,heap     ] GC(50) Eden regions: 137->0(129)
[15.472s][info][gc,heap     ] GC(50) Survivor regions: 8->12(19)
[15.472s][info][gc,heap     ] GC(50) Old regions: 103->103
[15.472s][info][gc,heap     ] GC(50) Humongous regions: 10->10
[15.472s][info][gc,metaspace] GC(50) Metaspace: 210196K(212992K)->210196K(212992K) NonClass: 184708K(186240K)->184708K(186240K) Class: 25488K(26752K)->25488K(26752K)
[15.472s][info][gc          ] GC(50) Pause Young (Prepare Mixed) (G1 Evacuation Pause) 514M->247M(562M) 8.145ms
[15.472s][info][gc,cpu      ] GC(50) User=0.05s Sys=0.00s Real=0.01s
[15.702s][info][gc,start    ] GC(51) Pause Young (Mixed) (G1 Evacuation Pause)
[15.702s][info][gc,task     ] GC(51) Using 8 workers of 8 for evacuation
[15.715s][info][gc,phases   ] GC(51)   Pre Evacuate Collection Set: 0.1ms
[15.715s][info][gc,phases   ] GC(51)   Merge Heap Roots: 0.1ms
[15.715s][info][gc,phases   ] GC(51)   Evacuate Collection Set: 11.7ms
[15.715s][info][gc,phases   ] GC(51)   Post Evacuate Collection Set: 0.7ms
[15.715s][info][gc,phases   ] GC(51)   Other: 0.1ms
[15.715s][info][gc,heap     ] GC(51) Eden regions: 129->0(165)
[15.715s][info][gc,heap     ] GC(51) Survivor regions: 12->15(18)
[15.715s][info][gc,heap     ] GC(51) Old regions: 103->103
[15.715s][info][gc,heap     ] GC(51) Humongous regions: 10->10
[15.715s][info][gc,metaspace] GC(51) Metaspace: 211741K(214528K)->211741K(214528K) NonClass: 186111K(187648K)->186111K(187648K) Class: 25630K(26880K)->25630K(26880K)
[15.715s][info][gc          ] GC(51) Pause Young (Mixed) (G1 Evacuation Pause) 505M->254M(650M) 13.260ms
[15.715s][info][gc,cpu      ] GC(51) User=0.09s Sys=0.00s Real=0.01s
[16.045s][info][gc,start    ] GC(52) Pause Young (Normal) (G1 Evacuation Pause)
[16.048s][info][gc,task     ] GC(52) Using 8 workers of 8 for evacuation
[16.056s][info][gc,phases   ] GC(52)   Pre Evacuate Collection Set: 0.3ms
[16.056s][info][gc,phases   ] GC(52)   Merge Heap Roots: 0.1ms
[16.056s][info][gc,phases   ] GC(52)   Evacuate Collection Set: 6.8ms
[16.056s][info][gc,phases   ] GC(52)   Post Evacuate Collection Set: 0.7ms
[16.056s][info][gc,phases   ] GC(52)   Other: 0.1ms
[16.056s][info][gc,heap     ] GC(52) Eden regions: 165->0(175)
[16.056s][info][gc,heap     ] GC(52) Survivor regions: 15->9(23)
[16.056s][info][gc,heap     ] GC(52) Old regions: 103->105
[16.056s][info][gc,heap     ] GC(52) Humongous regions: 10->10
[16.056s][info][gc,metaspace] GC(52) Metaspace: 212465K(215296K)->212465K(215296K) NonClass: 186782K(188352K)->186782K(188352K) Class: 25683K(26944K)->25683K(26944K)
[16.056s][info][gc          ] GC(52) Pause Young (Normal) (G1 Evacuation Pause) 584M->243M(650M) 11.443ms
[16.056s][info][gc,cpu      ] GC(52) User=0.05s Sys=0.00s Real=0.02s
[16.066s][info][gc,start    ] GC(53) Pause Young (Concurrent Start) (G1 Humongous Allocation)
[16.066s][info][gc,task     ] GC(53) Using 8 workers of 8 for evacuation
[16.076s][info][gc,phases   ] GC(53)   Pre Evacuate Collection Set: 0.2ms
[16.076s][info][gc,phases   ] GC(53)   Merge Heap Roots: 0.1ms
[16.076s][info][gc,phases   ] GC(53)   Evacuate Collection Set: 5.6ms
[16.076s][info][gc,phases   ] GC(53)   Post Evacuate Collection Set: 4.2ms
[16.076s][info][gc,phases   ] GC(53)   Other: 0.1ms
[16.076s][info][gc,heap     ] GC(53) Eden regions: 11->0(173)
[16.076s][info][gc,heap     ] GC(53) Survivor regions: 9->9(23)
[16.076s][info][gc,heap     ] GC(53) Old regions: 105->105
[16.076s][info][gc,heap     ] GC(53) Humongous regions: 10->10
[16.077s][info][gc,metaspace] GC(53) Metaspace: 212470K(215296K)->212470K(215296K) NonClass: 186787K(188352K)->186787K(188352K) Class: 25683K(26944K)->25683K(26944K)
[16.077s][info][gc          ] GC(53) Pause Young (Concurrent Start) (G1 Humongous Allocation) 263M->244M(650M) 10.926ms
[16.077s][info][gc,cpu      ] GC(53) User=0.03s Sys=0.00s Real=0.01s
[16.078s][info][gc          ] GC(54) Concurrent Mark Cycle
[16.082s][info][gc,marking  ] GC(54) Concurrent Scan Root Regions
[16.102s][info][gc,marking  ] GC(54) Concurrent Scan Root Regions 20.075ms
[16.103s][info][gc,marking  ] GC(54) Concurrent Mark
[16.106s][info][gc,marking  ] GC(54) Concurrent Mark From Roots
[16.106s][info][gc,task     ] GC(54) Using 2 workers of 2 for marking
[16.219s][info][gc,marking  ] GC(54) Concurrent Mark From Roots 113.803ms
[16.219s][info][gc,marking  ] GC(54) Concurrent Preclean
[16.220s][info][gc,marking  ] GC(54) Concurrent Preclean 0.476ms
[16.221s][info][gc,start    ] GC(54) Pause Remark
[16.246s][info][gc          ] GC(54) Pause Remark 386M->386M(650M) 25.371ms
[16.246s][info][gc,cpu      ] GC(54) User=0.17s Sys=0.01s Real=0.03s
[16.248s][info][gc,marking  ] GC(54) Concurrent Mark 145.693ms
[16.252s][info][gc,marking  ] GC(54) Concurrent Rebuild Remembered Sets and Scrub Regions
[16.320s][info][gc,marking  ] GC(54) Concurrent Rebuild Remembered Sets and Scrub Regions 67.817ms
[16.321s][info][gc,start    ] GC(54) Pause Cleanup
[16.321s][info][gc          ] GC(54) Pause Cleanup 470M->470M(650M) 0.156ms
[16.321s][info][gc,cpu      ] GC(54) User=0.00s Sys=0.00s Real=0.00s
[16.321s][info][gc,marking  ] GC(54) Concurrent Clear Claimed Marks
[16.322s][info][gc,marking  ] GC(54) Concurrent Clear Claimed Marks 0.328ms
[16.322s][info][gc,marking  ] GC(54) Concurrent Cleanup for Next Mark
[16.323s][info][gc,marking  ] GC(54) Concurrent Cleanup for Next Mark 1.352ms
[16.323s][info][gc          ] GC(54) Concurrent Mark Cycle 245.197ms
[16.834s][info][gc,start    ] GC(55) Pause Young (Prepare Mixed) (G1 Evacuation Pause)
[16.834s][info][gc,task     ] GC(55) Using 8 workers of 8 for evacuation
[16.857s][info][gc,phases   ] GC(55)   Pre Evacuate Collection Set: 0.3ms
[16.857s][info][gc,phases   ] GC(55)   Merge Heap Roots: 0.2ms
[16.857s][info][gc,phases   ] GC(55)   Evacuate Collection Set: 19.8ms
[16.857s][info][gc,phases   ] GC(55)   Post Evacuate Collection Set: 2.2ms
[16.857s][info][gc,phases   ] GC(55)   Other: 0.1ms
[16.857s][info][gc,heap     ] GC(55) Eden regions: 173->0(173)
[16.857s][info][gc,heap     ] GC(55) Survivor regions: 9->10(23)
[16.857s][info][gc,heap     ] GC(55) Old regions: 105->105
[16.857s][info][gc,heap     ] GC(55) Humongous regions: 13->10
[16.857s][info][gc,metaspace] GC(55) Metaspace: 223598K(226496K)->223598K(226496K) NonClass: 196592K(198272K)->196592K(198272K) Class: 27006K(28224K)->27006K(28224K)
[16.857s][info][gc          ] GC(55) Pause Young (Prepare Mixed) (G1 Evacuation Pause) 596M->245M(650M) 23.401ms
[16.857s][info][gc,cpu      ] GC(55) User=0.15s Sys=0.00s Real=0.03s
[58.097s][info][gc,start    ] GC(56) Pause Young (Mixed) (G1 Evacuation Pause)
[58.099s][info][gc,task     ] GC(56) Using 8 workers of 8 for evacuation
[58.534s][info][gc,mmu      ] GC(56) MMU target violated: 201.0ms (200.0ms/201.0ms)
[58.534s][info][gc,phases   ] GC(56)   Pre Evacuate Collection Set: 2.0ms
[58.534s][info][gc,phases   ] GC(56)   Merge Heap Roots: 0.4ms
[58.534s][info][gc,phases   ] GC(56)   Evacuate Collection Set: 425.1ms
[58.534s][info][gc,phases   ] GC(56)   Post Evacuate Collection Set: 7.4ms
[58.534s][info][gc,phases   ] GC(56)   Other: 0.8ms
[58.534s][info][gc,heap     ] GC(56) Eden regions: 173->0(148)
[58.534s][info][gc,heap     ] GC(56) Survivor regions: 10->23(23)
[58.534s][info][gc,heap     ] GC(56) Old regions: 105->104
[58.534s][info][gc,heap     ] GC(56) Humongous regions: 25->25
[58.534s][info][gc,metaspace] GC(56) Metaspace: 239347K(242432K)->239347K(242432K) NonClass: 210464K(212224K)->210464K(212224K) Class: 28883K(30208K)->28883K(30208K)
[58.535s][info][gc          ] GC(56) Pause Young (Mixed) (G1 Evacuation Pause) 621M->301M(680M) 437.531ms
[58.535s][info][gc,cpu      ] GC(56) User=1.86s Sys=0.46s Real=0.43s
[59.169s][info][gc,start    ] GC(57) Pause Young (Concurrent Start) (G1 Evacuation Pause)
[59.169s][info][gc,task     ] GC(57) Using 8 workers of 8 for evacuation
[59.242s][info][gc,phases   ] GC(57)   Pre Evacuate Collection Set: 0.4ms
[59.242s][info][gc,phases   ] GC(57)   Merge Heap Roots: 0.2ms
[59.242s][info][gc,phases   ] GC(57)   Evacuate Collection Set: 69.9ms
[59.242s][info][gc,phases   ] GC(57)   Post Evacuate Collection Set: 2.0ms
[59.242s][info][gc,phases   ] GC(57)   Other: 0.2ms
[59.242s][info][gc,heap     ] GC(57) Eden regions: 148->0(158)
[59.242s][info][gc,heap     ] GC(57) Survivor regions: 23->4(22)
[59.242s][info][gc,heap     ] GC(57) Old regions: 104->126
[59.242s][info][gc,heap     ] GC(57) Humongous regions: 25->25
[59.242s][info][gc,metaspace] GC(57) Metaspace: 240320K(243456K)->240320K(243456K) NonClass: 211380K(213184K)->211380K(213184K) Class: 28940K(30272K)->28940K(30272K)
[59.242s][info][gc          ] GC(57) Pause Young (Concurrent Start) (G1 Evacuation Pause) 597M->308M(680M) 73.345ms
[59.243s][info][gc          ] GC(58) Concurrent Mark Cycle
[59.243s][info][gc,marking  ] GC(58) Concurrent Scan Root Regions
[59.243s][info][gc,cpu      ] GC(57) User=0.48s Sys=0.01s Real=0.07s
[59.284s][info][gc,marking  ] GC(58) Concurrent Scan Root Regions 40.352ms
[59.285s][info][gc,marking  ] GC(58) Concurrent Mark
[59.287s][info][gc,marking  ] GC(58) Concurrent Mark From Roots
[59.287s][info][gc,task     ] GC(58) Using 2 workers of 2 for marking
[59.604s][info][gc,marking  ] GC(58) Concurrent Mark From Roots 317.017ms
[59.604s][info][gc,marking  ] GC(58) Concurrent Preclean
[59.605s][info][gc,marking  ] GC(58) Concurrent Preclean 1.209ms
[59.608s][info][gc,start    ] GC(58) Pause Remark
[59.660s][info][gc          ] GC(58) Pause Remark 443M->443M(680M) 52.312ms
[59.660s][info][gc,cpu      ] GC(58) User=0.24s Sys=0.00s Real=0.05s
[59.661s][info][gc,marking  ] GC(58) Concurrent Mark 375.822ms
[59.661s][info][gc,marking  ] GC(58) Concurrent Rebuild Remembered Sets and Scrub Regions
[59.783s][info][gc,marking  ] GC(58) Concurrent Rebuild Remembered Sets and Scrub Regions 121.508ms
[59.785s][info][gc,start    ] GC(58) Pause Cleanup
[59.785s][info][gc          ] GC(58) Pause Cleanup 495M->495M(680M) 0.277ms
[59.785s][info][gc,cpu      ] GC(58) User=0.00s Sys=0.00s Real=0.00s
[59.790s][info][gc,marking  ] GC(58) Concurrent Clear Claimed Marks
[59.791s][info][gc,marking  ] GC(58) Concurrent Clear Claimed Marks 1.633ms
[59.796s][info][gc,marking  ] GC(58) Concurrent Cleanup for Next Mark
[59.802s][info][gc,marking  ] GC(58) Concurrent Cleanup for Next Mark 5.640ms
[59.803s][info][gc          ] GC(58) Concurrent Mark Cycle 560.328ms
[60.050s][info][gc,start    ] GC(59) Pause Young (Prepare Mixed) (G1 Evacuation Pause)
[60.050s][info][gc,task     ] GC(59) Using 8 workers of 8 for evacuation
[60.064s][info][gc,phases   ] GC(59)   Pre Evacuate Collection Set: 0.4ms
[60.064s][info][gc,phases   ] GC(59)   Merge Heap Roots: 0.2ms
[60.064s][info][gc,phases   ] GC(59)   Evacuate Collection Set: 11.4ms
[60.064s][info][gc,phases   ] GC(59)   Post Evacuate Collection Set: 2.1ms
[60.064s][info][gc,phases   ] GC(59)   Other: 0.1ms
[60.064s][info][gc,heap     ] GC(59) Eden regions: 158->0(161)
[60.064s][info][gc,heap     ] GC(59) Survivor regions: 4->5(21)
[60.064s][info][gc,heap     ] GC(59) Old regions: 126->126
[60.064s][info][gc,heap     ] GC(59) Humongous regions: 25->25
[60.064s][info][gc,metaspace] GC(59) Metaspace: 240480K(243584K)->240480K(243584K) NonClass: 211539K(213312K)->211539K(213312K) Class: 28941K(30272K)->28941K(30272K)
[60.064s][info][gc          ] GC(59) Pause Young (Prepare Mixed) (G1 Evacuation Pause) 624M->310M(680M) 14.679ms
[60.064s][info][gc,cpu      ] GC(59) User=0.09s Sys=0.00s Real=0.01s
[60.885s][info][gc,start    ] GC(60) Pause Young (Mixed) (G1 Evacuation Pause)
[60.885s][info][gc,task     ] GC(60) Using 8 workers of 8 for evacuation
[60.933s][info][gc,phases   ] GC(60)   Pre Evacuate Collection Set: 0.8ms
[60.933s][info][gc,phases   ] GC(60)   Merge Heap Roots: 0.4ms
[60.933s][info][gc,phases   ] GC(60)   Evacuate Collection Set: 43.3ms
[60.933s][info][gc,phases   ] GC(60)   Post Evacuate Collection Set: 2.5ms
[60.933s][info][gc,phases   ] GC(60)   Other: 0.2ms
[60.933s][info][gc,heap     ] GC(60) Eden regions: 161->0(156)
[60.933s][info][gc,heap     ] GC(60) Survivor regions: 5->9(21)
[60.933s][info][gc,heap     ] GC(60) Old regions: 126->124
[60.933s][info][gc,heap     ] GC(60) Humongous regions: 25->25
[60.933s][info][gc,metaspace] GC(60) Metaspace: 241340K(244480K)->241340K(244480K) NonClass: 212323K(214144K)->212323K(214144K) Class: 29017K(30336K)->29017K(30336K)
[60.933s][info][gc          ] GC(60) Pause Young (Mixed) (G1 Evacuation Pause) 632M->312M(680M) 48.428ms
[60.933s][info][gc,cpu      ] GC(60) User=0.32s Sys=0.00s Real=0.05s
[61.415s][info][gc,start    ] GC(61) Pause Young (Concurrent Start) (G1 Evacuation Pause)
[61.416s][info][gc,task     ] GC(61) Using 8 workers of 8 for evacuation
[61.471s][info][gc,phases   ] GC(61)   Pre Evacuate Collection Set: 0.7ms
[61.472s][info][gc,phases   ] GC(61)   Merge Heap Roots: 0.2ms
[61.472s][info][gc,phases   ] GC(61)   Evacuate Collection Set: 30.2ms
[61.472s][info][gc,phases   ] GC(61)   Post Evacuate Collection Set: 24.7ms
[61.472s][info][gc,phases   ] GC(61)   Other: 0.2ms
[61.472s][info][gc,heap     ] GC(61) Eden regions: 156->0(189)
[61.472s][info][gc,heap     ] GC(61) Survivor regions: 9->12(21)
[61.472s][info][gc,heap     ] GC(61) Old regions: 124->124
[61.472s][info][gc,heap     ] GC(61) Humongous regions: 25->25
[61.472s][info][gc,metaspace] GC(61) Metaspace: 241564K(244736K)->241564K(244736K) NonClass: 212531K(214336K)->212531K(214336K) Class: 29033K(30400K)->29033K(30400K)
[61.472s][info][gc          ] GC(61) Pause Young (Concurrent Start) (G1 Evacuation Pause) 624M->318M(764M) 56.710ms
[61.472s][info][gc          ] GC(62) Concurrent Mark Cycle
[61.472s][info][gc,marking  ] GC(62) Concurrent Scan Root Regions
[61.472s][info][gc,cpu      ] GC(61) User=0.23s Sys=0.05s Real=0.06s
[61.480s][info][gc,marking  ] GC(62) Concurrent Scan Root Regions 8.341ms
[61.481s][info][gc,marking  ] GC(62) Concurrent Mark
[61.481s][info][gc,marking  ] GC(62) Concurrent Mark From Roots
[61.481s][info][gc,task     ] GC(62) Using 2 workers of 2 for marking
[61.775s][info][gc,marking  ] GC(62) Concurrent Mark From Roots 294.508ms
[61.777s][info][gc,marking  ] GC(62) Concurrent Preclean
[61.778s][info][gc,marking  ] GC(62) Concurrent Preclean 0.589ms
[61.789s][info][gc,start    ] GC(62) Pause Remark
[62.149s][info][gc,mmu      ] GC(62) MMU target violated: 201.0ms (200.0ms/201.0ms)
[62.149s][info][gc          ] GC(62) Pause Remark 363M->363M(764M) 359.723ms
[62.149s][info][gc,cpu      ] GC(62) User=2.25s Sys=0.11s Real=0.36s
[62.153s][info][gc,marking  ] GC(62) Concurrent Mark 672.092ms
[62.153s][info][gc,marking  ] GC(62) Concurrent Rebuild Remembered Sets and Scrub Regions
[62.371s][info][gc,marking  ] GC(62) Concurrent Rebuild Remembered Sets and Scrub Regions 217.699ms
[62.372s][info][gc,start    ] GC(62) Pause Cleanup
[62.373s][info][gc          ] GC(62) Pause Cleanup 408M->408M(764M) 0.422ms
[62.373s][info][gc,cpu      ] GC(62) User=0.00s Sys=0.00s Real=0.00s
[62.373s][info][gc,marking  ] GC(62) Concurrent Clear Claimed Marks
[62.374s][info][gc,marking  ] GC(62) Concurrent Clear Claimed Marks 0.534ms
[62.374s][info][gc,marking  ] GC(62) Concurrent Cleanup for Next Mark
[62.389s][info][gc,marking  ] GC(62) Concurrent Cleanup for Next Mark 15.212ms
[62.394s][info][gc          ] GC(62) Concurrent Mark Cycle 921.997ms
[62.826s][info][gc,start    ] GC(63) Pause Young (Prepare Mixed) (G1 Evacuation Pause)
[62.826s][info][gc,task     ] GC(63) Using 8 workers of 8 for evacuation
[62.848s][info][gc,phases   ] GC(63)   Pre Evacuate Collection Set: 0.4ms
[62.848s][info][gc,phases   ] GC(63)   Merge Heap Roots: 0.2ms
[62.848s][info][gc,phases   ] GC(63)   Evacuate Collection Set: 19.3ms
[62.848s][info][gc,phases   ] GC(63)   Post Evacuate Collection Set: 1.5ms
[62.848s][info][gc,phases   ] GC(63)   Other: 0.2ms
[62.848s][info][gc,heap     ] GC(63) Eden regions: 189->0(185)
[62.848s][info][gc,heap     ] GC(63) Survivor regions: 12->14(26)
[62.848s][info][gc,heap     ] GC(63) Old regions: 124->124
[62.848s][info][gc,heap     ] GC(63) Humongous regions: 25->25
[62.848s][info][gc,metaspace] GC(63) Metaspace: 241790K(244992K)->241790K(244992K) NonClass: 212736K(214592K)->212736K(214592K) Class: 29053K(30400K)->29053K(30400K)
[62.848s][info][gc          ] GC(63) Pause Young (Prepare Mixed) (G1 Evacuation Pause) 696M->323M(764M) 22.168ms
[62.848s][info][gc,cpu      ] GC(63) User=0.14s Sys=0.00s Real=0.02s
[63.316s][info][gc,start    ] GC(64) Pause Young (Mixed) (G1 Evacuation Pause)
[63.316s][info][gc,task     ] GC(64) Using 8 workers of 8 for evacuation
[63.347s][info][gc,phases   ] GC(64)   Pre Evacuate Collection Set: 0.2ms
[63.347s][info][gc,phases   ] GC(64)   Merge Heap Roots: 0.1ms
[63.347s][info][gc,phases   ] GC(64)   Evacuate Collection Set: 27.8ms
[63.347s][info][gc,phases   ] GC(64)   Post Evacuate Collection Set: 2.9ms
[63.347s][info][gc,phases   ] GC(64)   Other: 0.2ms
[63.347s][info][gc,heap     ] GC(64) Eden regions: 185->0(184)
[63.347s][info][gc,heap     ] GC(64) Survivor regions: 14->16(25)
[63.347s][info][gc,heap     ] GC(64) Old regions: 124->121
[63.347s][info][gc,heap     ] GC(64) Humongous regions: 25->25
[63.347s][info][gc,metaspace] GC(64) Metaspace: 244969K(248128K)->244969K(248128K) NonClass: 215541K(217344K)->215541K(217344K) Class: 29427K(30784K)->29427K(30784K)
[63.348s][info][gc          ] GC(64) Pause Young (Mixed) (G1 Evacuation Pause) 693M->321M(764M) 31.918ms
[63.348s][info][gc,cpu      ] GC(64) User=0.22s Sys=0.00s Real=0.04s
[63.916s][info][gc,start    ] GC(65) Pause Young (Concurrent Start) (G1 Evacuation Pause)
[63.918s][info][gc,task     ] GC(65) Using 8 workers of 8 for evacuation
[63.945s][info][gc,phases   ] GC(65)   Pre Evacuate Collection Set: 1.3ms
[63.945s][info][gc,phases   ] GC(65)   Merge Heap Roots: 0.3ms
[63.945s][info][gc,phases   ] GC(65)   Evacuate Collection Set: 22.8ms
[63.945s][info][gc,phases   ] GC(65)   Post Evacuate Collection Set: 2.1ms
[63.945s][info][gc,phases   ] GC(65)   Other: 0.4ms
[63.945s][info][gc,heap     ] GC(65) Eden regions: 184->0(185)
[63.945s][info][gc,heap     ] GC(65) Survivor regions: 16->14(25)
[63.945s][info][gc,heap     ] GC(65) Old regions: 121->124
[63.945s][info][gc,heap     ] GC(65) Humongous regions: 25->25
[63.945s][info][gc,metaspace] GC(65) Metaspace: 253867K(257024K)->253867K(257024K) NonClass: 222347K(224128K)->222347K(224128K) Class: 31520K(32896K)->31520K(32896K)
[63.946s][info][gc          ] GC(65) Pause Young (Concurrent Start) (G1 Evacuation Pause) 689M->322M(764M) 29.335ms
[63.946s][info][gc,cpu      ] GC(65) User=0.14s Sys=0.00s Real=0.03s
[63.946s][info][gc          ] GC(66) Concurrent Mark Cycle
[63.947s][info][gc,marking  ] GC(66) Concurrent Scan Root Regions
[63.976s][info][gc,marking  ] GC(66) Concurrent Scan Root Regions 28.522ms
[63.980s][info][gc,marking  ] GC(66) Concurrent Mark
[63.982s][info][gc,marking  ] GC(66) Concurrent Mark From Roots
[63.982s][info][gc,task     ] GC(66) Using 2 workers of 2 for marking
[64.186s][info][gc,marking  ] GC(66) Concurrent Mark From Roots 204.125ms
[64.187s][info][gc,marking  ] GC(66) Concurrent Preclean
[64.187s][info][gc,marking  ] GC(66) Concurrent Preclean 0.450ms
[64.189s][info][gc,start    ] GC(66) Pause Remark
[64.228s][info][gc          ] GC(66) Pause Remark 414M->414M(764M) 38.632ms
[64.228s][info][gc,cpu      ] GC(66) User=0.21s Sys=0.00s Real=0.04s
[64.235s][info][gc,marking  ] GC(66) Concurrent Mark 255.029ms
[64.236s][info][gc,marking  ] GC(66) Concurrent Rebuild Remembered Sets and Scrub Regions
[64.360s][info][gc,marking  ] GC(66) Concurrent Rebuild Remembered Sets and Scrub Regions 124.118ms
[64.361s][info][gc,start    ] GC(66) Pause Cleanup
[64.361s][info][gc          ] GC(66) Pause Cleanup 465M->465M(764M) 0.233ms
[64.361s][info][gc,cpu      ] GC(66) User=0.00s Sys=0.00s Real=0.00s
[64.361s][info][gc,marking  ] GC(66) Concurrent Clear Claimed Marks
[64.362s][info][gc,marking  ] GC(66) Concurrent Clear Claimed Marks 0.931ms
[64.362s][info][gc,marking  ] GC(66) Concurrent Cleanup for Next Mark
[64.367s][info][gc,marking  ] GC(66) Concurrent Cleanup for Next Mark 5.164ms
[64.368s][info][gc          ] GC(66) Concurrent Mark Cycle 421.754ms
[107.436s][info][gc,start    ] GC(67) Pause Young (Prepare Mixed) (G1 Evacuation Pause)
[107.440s][info][gc,task     ] GC(67) Using 8 workers of 8 for evacuation
[107.683s][info][gc,mmu      ] GC(67) MMU target violated: 201.0ms (200.0ms/201.0ms)
[107.683s][info][gc,phases   ] GC(67)   Pre Evacuate Collection Set: 10.0ms
[107.683s][info][gc,phases   ] GC(67)   Merge Heap Roots: 0.9ms
[107.684s][info][gc,phases   ] GC(67)   Evacuate Collection Set: 221.7ms
[107.684s][info][gc,phases   ] GC(67)   Post Evacuate Collection Set: 9.0ms
[107.684s][info][gc,phases   ] GC(67)   Other: 2.1ms
[107.684s][info][gc,heap     ] GC(67) Eden regions: 185->0(183)
[107.684s][info][gc,heap     ] GC(67) Survivor regions: 14->15(25)
[107.684s][info][gc,heap     ] GC(67) Old regions: 124->124
[107.684s][info][gc,heap     ] GC(67) Humongous regions: 25->25
[107.684s][info][gc,metaspace] GC(67) Metaspace: 258373K(261568K)->258373K(261568K) NonClass: 226327K(228160K)->226327K(228160K) Class: 32045K(33408K)->32045K(33408K)
[107.684s][info][gc          ] GC(67) Pause Young (Prepare Mixed) (G1 Evacuation Pause) 692M->325M(764M) 247.639ms
[107.684s][info][gc,cpu      ] GC(67) User=1.73s Sys=0.00s Real=0.24s
[117.706s][info][gc,start    ] GC(68) Pause Young (Mixed) (G1 Evacuation Pause)
[117.714s][info][gc,task     ] GC(68) Using 8 workers of 8 for evacuation
[118.348s][info][gc,mmu      ] GC(68) MMU target violated: 201.0ms (200.0ms/201.0ms)
[118.349s][info][gc,phases   ] GC(68)   Pre Evacuate Collection Set: 10.9ms
[118.349s][info][gc,phases   ] GC(68)   Merge Heap Roots: 1.6ms
[118.349s][info][gc,phases   ] GC(68)   Evacuate Collection Set: 594.0ms
[118.349s][info][gc,phases   ] GC(68)   Post Evacuate Collection Set: 25.2ms
[118.349s][info][gc,phases   ] GC(68)   Other: 5.2ms
[118.349s][info][gc,heap     ] GC(68) Eden regions: 183->0(4)
[118.349s][info][gc,heap     ] GC(68) Survivor regions: 15->25(25)
[118.349s][info][gc,heap     ] GC(68) Old regions: 124->163
[118.349s][info][gc,heap     ] GC(68) Humongous regions: 25->25
[118.350s][info][gc,metaspace] GC(68) Metaspace: 304151K(307776K)->304151K(307776K) NonClass: 263431K(265536K)->263431K(265536K) Class: 40719K(42240K)->40719K(42240K)
[118.351s][info][gc          ] GC(68) Pause Young (Mixed) (G1 Evacuation Pause) 691M->424M(836M) 645.405ms
[118.351s][info][gc,cpu      ] GC(68) User=3.02s Sys=1.02s Real=0.65s
[118.361s][info][gc,start    ] GC(69) Pause Young (Concurrent Start) (G1 Evacuation Pause)
[118.361s][info][gc,task     ] GC(69) Using 8 workers of 8 for evacuation
[118.390s][info][gc,phases   ] GC(69)   Pre Evacuate Collection Set: 1.0ms
[118.390s][info][gc,phases   ] GC(69)   Merge Heap Roots: 0.1ms
[118.390s][info][gc,phases   ] GC(69)   Evacuate Collection Set: 27.5ms
[118.390s][info][gc,phases   ] GC(69)   Post Evacuate Collection Set: 0.7ms
[118.390s][info][gc,phases   ] GC(69)   Other: 0.2ms
[118.390s][info][gc,heap     ] GC(69) Eden regions: 1->0(81)
[118.391s][info][gc,heap     ] GC(69) Survivor regions: 25->4(4)
[118.391s][info][gc,heap     ] GC(69) Old regions: 163->190
[118.391s][info][gc,heap     ] GC(69) Humongous regions: 25->25
[118.391s][info][gc,metaspace] GC(69) Metaspace: 304151K(307776K)->304151K(307776K) NonClass: 263431K(265536K)->263431K(265536K) Class: 40719K(42240K)->40719K(42240K)
[118.391s][info][gc          ] GC(69) Pause Young (Concurrent Start) (G1 Evacuation Pause) 426M->435M(836M) 29.860ms
[118.391s][info][gc          ] GC(70) Concurrent Mark Cycle
[118.391s][info][gc,marking  ] GC(70) Concurrent Scan Root Regions
[118.391s][info][gc,cpu      ] GC(69) User=0.20s Sys=0.01s Real=0.03s
[118.427s][info][gc,marking  ] GC(70) Concurrent Scan Root Regions 35.973ms
[118.432s][info][gc,marking  ] GC(70) Concurrent Mark
[118.432s][info][gc,marking  ] GC(70) Concurrent Mark From Roots
[118.432s][info][gc,task     ] GC(70) Using 2 workers of 2 for marking
[119.547s][info][gc,marking  ] GC(70) Concurrent Mark From Roots 1114.792ms
[119.547s][info][gc,marking  ] GC(70) Concurrent Preclean
[119.547s][info][gc,marking  ] GC(70) Concurrent Preclean 0.626ms
[119.549s][info][gc,start    ] GC(70) Pause Remark
[119.764s][info][gc,mmu      ] GC(70) MMU target violated: 201.0ms (200.0ms/201.0ms)
[119.764s][info][gc          ] GC(70) Pause Remark 536M->536M(836M) 215.064ms
[119.764s][info][gc,cpu      ] GC(70) User=1.23s Sys=0.06s Real=0.21s
[119.764s][info][gc,marking  ] GC(70) Concurrent Mark 1332.582ms
[119.765s][info][gc,marking  ] GC(70) Concurrent Rebuild Remembered Sets and Scrub Regions
[120.073s][info][gc,marking  ] GC(70) Concurrent Rebuild Remembered Sets and Scrub Regions 308.756ms
[120.079s][info][gc,start    ] GC(70) Pause Cleanup
[120.082s][info][gc          ] GC(70) Pause Cleanup 545M->545M(836M) 2.852ms
[120.082s][info][gc,cpu      ] GC(70) User=0.01s Sys=0.00s Real=0.00s
[120.083s][info][gc,marking  ] GC(70) Concurrent Clear Claimed Marks
[120.085s][info][gc,marking  ] GC(70) Concurrent Clear Claimed Marks 2.460ms
[120.085s][info][gc,marking  ] GC(70) Concurrent Cleanup for Next Mark
[120.094s][info][gc,marking  ] GC(70) Concurrent Cleanup for Next Mark 8.927ms
[120.097s][info][gc          ] GC(70) Concurrent Mark Cycle 1705.944ms
[121.267s][info][gc,start    ] GC(71) Pause Young (Prepare Mixed) (G1 Evacuation Pause)
[121.268s][info][gc,task     ] GC(71) Using 8 workers of 8 for evacuation
[121.364s][info][gc,phases   ] GC(71)   Pre Evacuate Collection Set: 0.6ms
[121.364s][info][gc,phases   ] GC(71)   Merge Heap Roots: 1.9ms
[121.364s][info][gc,phases   ] GC(71)   Evacuate Collection Set: 91.0ms
[121.364s][info][gc,phases   ] GC(71)   Post Evacuate Collection Set: 2.9ms
[121.364s][info][gc,phases   ] GC(71)   Other: 0.1ms
[121.364s][info][gc,heap     ] GC(71) Eden regions: 85->0(41)
[121.364s][info][gc,heap     ] GC(71) Survivor regions: 4->12(12)
[121.364s][info][gc,heap     ] GC(71) Old regions: 190->206
[121.364s][info][gc,heap     ] GC(71) Humongous regions: 25->25
[121.365s][info][gc,metaspace] GC(71) Metaspace: 307844K(311552K)->307844K(311552K) NonClass: 266757K(268928K)->266757K(268928K) Class: 41087K(42624K)->41087K(42624K)
[121.365s][info][gc          ] GC(71) Pause Young (Prepare Mixed) (G1 Evacuation Pause) 605M->483M(836M) 97.275ms
[121.365s][info][gc,cpu      ] GC(71) User=0.71s Sys=0.01s Real=0.09s
[122.308s][info][gc,start    ] GC(72) Pause Young (Mixed) (G1 Evacuation Pause)
[122.309s][info][gc,task     ] GC(72) Using 8 workers of 8 for evacuation
[122.350s][info][gc,phases   ] GC(72)   Pre Evacuate Collection Set: 2.0ms
[122.350s][info][gc,phases   ] GC(72)   Merge Heap Roots: 0.3ms
[122.350s][info][gc,phases   ] GC(72)   Evacuate Collection Set: 35.0ms
[122.350s][info][gc,phases   ] GC(72)   Post Evacuate Collection Set: 3.8ms
[122.350s][info][gc,phases   ] GC(72)   Other: 0.2ms
[122.350s][info][gc,heap     ] GC(72) Eden regions: 60->0(98)
[122.350s][info][gc,heap     ] GC(72) Survivor regions: 12->3(9)
[122.350s][info][gc,heap     ] GC(72) Old regions: 206->218
[122.350s][info][gc,heap     ] GC(72) Humongous regions: 25->25
[122.350s][info][gc,metaspace] GC(72) Metaspace: 308540K(312192K)->308540K(312192K) NonClass: 267382K(269504K)->267382K(269504K) Class: 41157K(42688K)->41157K(42688K)
[122.350s][info][gc          ] GC(72) Pause Young (Mixed) (G1 Evacuation Pause) 603M->489M(914M) 42.046ms
[122.350s][info][gc,cpu      ] GC(72) User=0.24s Sys=0.01s Real=0.04s
[124.261s][info][gc,start    ] GC(73) Pause Young (Mixed) (G1 Evacuation Pause)
[124.262s][info][gc,task     ] GC(73) Using 8 workers of 8 for evacuation
[124.291s][info][gc,phases   ] GC(73)   Pre Evacuate Collection Set: 1.1ms
[124.292s][info][gc,phases   ] GC(73)   Merge Heap Roots: 0.2ms
[124.292s][info][gc,phases   ] GC(73)   Evacuate Collection Set: 24.2ms
[124.292s][info][gc,phases   ] GC(73)   Post Evacuate Collection Set: 3.9ms
[124.292s][info][gc,phases   ] GC(73)   Other: 0.1ms
[124.292s][info][gc,heap     ] GC(73) Eden regions: 126->0(146)
[124.292s][info][gc,heap     ] GC(73) Survivor regions: 3->3(17)
[124.292s][info][gc,heap     ] GC(73) Old regions: 218->219
[124.292s][info][gc,heap     ] GC(73) Humongous regions: 25->25
[124.292s][info][gc,metaspace] GC(73) Metaspace: 308587K(312256K)->308587K(312256K) NonClass: 267426K(269568K)->267426K(269568K) Class: 41161K(42688K)->41161K(42688K)
[124.292s][info][gc          ] GC(73) Pause Young (Mixed) (G1 Evacuation Pause) 741M->489M(914M) 30.461ms
[124.292s][info][gc,cpu      ] GC(73) User=0.11s Sys=0.00s Real=0.03s
[127.132s][info][gc,start    ] GC(74) Pause Young (Mixed) (G1 Evacuation Pause)
[127.132s][info][gc,task     ] GC(74) Using 8 workers of 8 for evacuation
[127.484s][info][gc,mmu      ] GC(74) MMU target violated: 201.0ms (200.0ms/201.0ms)
[127.485s][info][gc,phases   ] GC(74)   Pre Evacuate Collection Set: 1.1ms
[127.485s][info][gc,phases   ] GC(74)   Merge Heap Roots: 0.7ms
[127.485s][info][gc,phases   ] GC(74)   Evacuate Collection Set: 316.6ms
[127.485s][info][gc,phases   ] GC(74)   Post Evacuate Collection Set: 32.6ms
[127.485s][info][gc,phases   ] GC(74)   Other: 1.4ms
[127.485s][info][gc,heap     ] GC(74) Eden regions: 146->0(31)
[127.485s][info][gc,heap     ] GC(74) Survivor regions: 3->19(19)
[127.485s][info][gc,heap     ] GC(74) Old regions: 219->274
[127.485s][info][gc,heap     ] GC(74) Humongous regions: 25->25
[127.485s][info][gc,metaspace] GC(74) Metaspace: 315218K(318912K)->315218K(318912K) NonClass: 273239K(275392K)->273239K(275392K) Class: 41979K(43520K)->41979K(43520K)
[127.485s][info][gc          ] GC(74) Pause Young (Mixed) (G1 Evacuation Pause) 781M->633M(944M) 353.856ms
[127.486s][info][gc,cpu      ] GC(74) User=2.08s Sys=0.56s Real=0.36s
[127.582s][info][gc,start    ] GC(75) Pause Young (Mixed) (G1 Evacuation Pause)
[127.582s][info][gc,task     ] GC(75) Using 8 workers of 8 for evacuation
[127.730s][info][gc,phases   ] GC(75)   Pre Evacuate Collection Set: 3.6ms
[127.730s][info][gc,phases   ] GC(75)   Merge Heap Roots: 1.0ms
[127.730s][info][gc,phases   ] GC(75)   Evacuate Collection Set: 132.1ms
[127.730s][info][gc,phases   ] GC(75)   Post Evacuate Collection Set: 10.4ms
[127.730s][info][gc,phases   ] GC(75)   Other: 0.4ms
[127.730s][info][gc,heap     ] GC(75) Eden regions: 17->0(36)
[127.730s][info][gc,heap     ] GC(75) Survivor regions: 19->5(5)
[127.730s][info][gc,heap     ] GC(75) Old regions: 274->306
[127.731s][info][gc,heap     ] GC(75) Humongous regions: 25->25
[127.731s][info][gc,metaspace] GC(75) Metaspace: 315309K(319104K)->315309K(319104K) NonClass: 273323K(275520K)->273323K(275520K) Class: 41985K(43584K)->41985K(43584K)
[127.731s][info][gc          ] GC(75) Pause Young (Mixed) (G1 Evacuation Pause) 667M->669M(944M) 148.728ms
[127.731s][info][gc,cpu      ] GC(75) User=1.05s Sys=0.03s Real=0.15s
[127.897s][info][gc,start    ] GC(76) Pause Young (Concurrent Start) (G1 Evacuation Pause)
[127.897s][info][gc,task     ] GC(76) Using 8 workers of 8 for evacuation
[127.962s][info][gc,phases   ] GC(76)   Pre Evacuate Collection Set: 2.1ms
[127.962s][info][gc,phases   ] GC(76)   Merge Heap Roots: 0.3ms
[127.962s][info][gc,phases   ] GC(76)   Evacuate Collection Set: 57.6ms
[127.962s][info][gc,phases   ] GC(76)   Post Evacuate Collection Set: 4.6ms
[127.962s][info][gc,phases   ] GC(76)   Other: 0.1ms
[127.962s][info][gc,heap     ] GC(76) Eden regions: 35->0(35)
[127.962s][info][gc,heap     ] GC(76) Survivor regions: 5->5(5)
[127.962s][info][gc,heap     ] GC(76) Old regions: 306->342
[127.962s][info][gc,heap     ] GC(76) Humongous regions: 25->25
[127.962s][info][gc,metaspace] GC(76) Metaspace: 315337K(319104K)->315337K(319104K) NonClass: 273351K(275520K)->273351K(275520K) Class: 41985K(43584K)->41985K(43584K)
[127.962s][info][gc          ] GC(76) Pause Young (Concurrent Start) (G1 Evacuation Pause) 739M->741M(944M) 65.448ms
[127.962s][info][gc,cpu      ] GC(76) User=0.49s Sys=0.01s Real=0.06s
[127.962s][info][gc          ] GC(77) Concurrent Mark Cycle
[127.963s][info][gc,marking  ] GC(77) Concurrent Scan Root Regions
[128.016s][info][gc,marking  ] GC(77) Concurrent Scan Root Regions 53.147ms
[128.017s][info][gc,marking  ] GC(77) Concurrent Mark
[128.018s][info][gc,marking  ] GC(77) Concurrent Mark From Roots
[128.018s][info][gc,task     ] GC(77) Using 2 workers of 2 for marking
[128.627s][info][gc,start    ] GC(78) Pause Young (Normal) (G1 Evacuation Pause)
[128.651s][info][gc,task     ] GC(78) Using 8 workers of 8 for evacuation
[128.851s][info][gc,phases   ] GC(78)   Pre Evacuate Collection Set: 3.5ms
[128.852s][info][gc,phases   ] GC(78)   Merge Heap Roots: 0.9ms
[128.852s][info][gc,phases   ] GC(78)   Evacuate Collection Set: 180.8ms
[128.852s][info][gc,phases   ] GC(78)   Post Evacuate Collection Set: 14.3ms
[128.852s][info][gc,phases   ] GC(78)   Other: 0.9ms
[128.852s][info][gc,heap     ] GC(78) Eden regions: 35->0(26)
[128.852s][info][gc,heap     ] GC(78) Survivor regions: 5->5(5)
[128.852s][info][gc,heap     ] GC(78) Old regions: 342->367
[128.852s][info][gc,heap     ] GC(78) Humongous regions: 25->25
[128.852s][info][gc,metaspace] GC(78) Metaspace: 315411K(319168K)->315411K(319168K) NonClass: 273416K(275584K)->273416K(275584K) Class: 41994K(43584K)->41994K(43584K)
[128.852s][info][gc          ] GC(78) Pause Young (Normal) (G1 Evacuation Pause) 811M->791M(944M) 225.273ms
[128.853s][info][gc,cpu      ] GC(78) User=1.22s Sys=0.18s Real=0.22s
[130.510s][info][gc,marking  ] GC(77) Concurrent Mark From Roots 2492.383ms
[130.512s][info][gc,marking  ] GC(77) Concurrent Preclean
[130.523s][info][gc,marking  ] GC(77) Concurrent Preclean 11.486ms
[130.525s][info][gc,start    ] GC(77) Pause Remark
[130.855s][info][gc,mmu      ] GC(77) MMU target violated: 201.0ms (200.0ms/201.0ms)
[130.856s][info][gc          ] GC(77) Pause Remark 818M->818M(1324M) 330.774ms
[130.856s][info][gc,cpu      ] GC(77) User=1.53s Sys=0.04s Real=0.34s
[130.856s][info][gc,marking  ] GC(77) Concurrent Mark 2839.080ms
[130.856s][info][gc,marking  ] GC(77) Concurrent Rebuild Remembered Sets and Scrub Regions
[133.575s][info][gc,marking  ] GC(77) Concurrent Rebuild Remembered Sets and Scrub Regions 2718.553ms
[133.583s][info][gc,start    ] GC(77) Pause Cleanup
[133.687s][info][gc          ] GC(77) Pause Cleanup 824M->824M(1324M) 100.500ms
[133.696s][info][gc,cpu      ] GC(77) User=0.18s Sys=0.02s Real=0.12s
[133.705s][info][gc,marking  ] GC(77) Concurrent Clear Claimed Marks
[133.847s][info][gc,marking  ] GC(77) Concurrent Clear Claimed Marks 141.746ms
[133.847s][info][gc,marking  ] GC(77) Concurrent Cleanup for Next Mark
[134.151s][info][gc,marking  ] GC(77) Concurrent Cleanup for Next Mark 303.499ms
[134.151s][info][gc          ] GC(77) Concurrent Mark Cycle 6188.561ms
[140.904s][info][gc,start    ] GC(79) Pause Young (Prepare Mixed) (G1 Evacuation Pause)
[140.908s][info][gc,task     ] GC(79) Using 8 workers of 8 for evacuation
[141.352s][info][gc,mmu      ] GC(79) MMU target violated: 201.0ms (200.0ms/201.0ms)
[141.353s][info][gc,phases   ] GC(79)   Pre Evacuate Collection Set: 77.8ms
[141.353s][info][gc,phases   ] GC(79)   Merge Heap Roots: 3.3ms
[141.353s][info][gc,phases   ] GC(79)   Evacuate Collection Set: 244.9ms
[141.353s][info][gc,phases   ] GC(79)   Post Evacuate Collection Set: 115.8ms
[141.353s][info][gc,phases   ] GC(79)   Other: 3.7ms
[141.353s][info][gc,heap     ] GC(79) Eden regions: 28->0(30)
[141.353s][info][gc,heap     ] GC(79) Survivor regions: 5->3(5)
[141.353s][info][gc,heap     ] GC(79) Old regions: 367->374
[141.353s][info][gc,heap     ] GC(79) Humongous regions: 25->25
[141.353s][info][gc,metaspace] GC(79) Metaspace: 318093K(321984K)->318093K(321984K) NonClass: 275771K(278016K)->275771K(278016K) Class: 42321K(43968K)->42321K(43968K)
[141.354s][info][gc          ] GC(79) Pause Young (Prepare Mixed) (G1 Evacuation Pause) 847M->802M(1324M) 452.422ms
[141.354s][info][gc,cpu      ] GC(79) User=1.83s Sys=0.29s Real=0.45s
[145.030s][info][gc,start    ] GC(80) Pause Young (Mixed) (G1 Evacuation Pause)
[145.032s][info][gc,task     ] GC(80) Using 8 workers of 8 for evacuation
[145.159s][info][gc,phases   ] GC(80)   Pre Evacuate Collection Set: 2.5ms
[145.159s][info][gc,phases   ] GC(80)   Merge Heap Roots: 1.3ms
[145.161s][info][gc,phases   ] GC(80)   Evacuate Collection Set: 116.7ms
[145.161s][info][gc,phases   ] GC(80)   Post Evacuate Collection Set: 6.4ms
[145.162s][info][gc,phases   ] GC(80)   Other: 0.1ms
[145.162s][info][gc,heap     ] GC(80) Eden regions: 30->0(28)
[145.163s][info][gc,heap     ] GC(80) Survivor regions: 3->5(5)
[145.163s][info][gc,heap     ] GC(80) Old regions: 374->374
[145.163s][info][gc,heap     ] GC(80) Humongous regions: 25->25
[145.163s][info][gc,metaspace] GC(80) Metaspace: 324342K(328320K)->324342K(328320K) NonClass: 281034K(283328K)->281034K(283328K) Class: 43307K(44992K)->43307K(44992K)
[145.163s][info][gc          ] GC(80) Pause Young (Mixed) (G1 Evacuation Pause) 862M->805M(1324M) 133.686ms
[145.163s][info][gc,cpu      ] GC(80) User=0.55s Sys=0.30s Real=0.13s
[146.048s][info][gc,start    ] GC(81) Pause Young (Mixed) (G1 Evacuation Pause)
[146.048s][info][gc,task     ] GC(81) Using 8 workers of 8 for evacuation
[146.074s][info][gc,phases   ] GC(81)   Pre Evacuate Collection Set: 0.2ms
[146.074s][info][gc,phases   ] GC(81)   Merge Heap Roots: 0.3ms
[146.074s][info][gc,phases   ] GC(81)   Evacuate Collection Set: 23.1ms
[146.074s][info][gc,phases   ] GC(81)   Post Evacuate Collection Set: 2.1ms
[146.074s][info][gc,phases   ] GC(81)   Other: 0.1ms
[146.074s][info][gc,heap     ] GC(81) Eden regions: 28->0(28)
[146.074s][info][gc,heap     ] GC(81) Survivor regions: 5->5(5)
[146.074s][info][gc,heap     ] GC(81) Old regions: 374->377
[146.074s][info][gc,heap     ] GC(81) Humongous regions: 25->25
[146.074s][info][gc,metaspace] GC(81) Metaspace: 335328K(339392K)->335328K(339392K) NonClass: 290748K(293120K)->290748K(293120K) Class: 44580K(46272K)->44580K(46272K)
[146.074s][info][gc          ] GC(81) Pause Young (Mixed) (G1 Evacuation Pause) 861M->811M(1324M) 26.388ms
[146.074s][info][gc,cpu      ] GC(81) User=0.18s Sys=0.01s Real=0.02s
[146.182s][info][gc,start    ] GC(82) Pause Young (Mixed) (G1 Evacuation Pause)
[146.182s][info][gc,task     ] GC(82) Using 8 workers of 8 for evacuation
[146.214s][info][gc,phases   ] GC(82)   Pre Evacuate Collection Set: 0.2ms
[146.214s][info][gc,phases   ] GC(82)   Merge Heap Roots: 1.0ms
[146.214s][info][gc,phases   ] GC(82)   Evacuate Collection Set: 29.9ms
[146.214s][info][gc,phases   ] GC(82)   Post Evacuate Collection Set: 0.7ms
[146.214s][info][gc,phases   ] GC(82)   Other: 0.1ms
[146.214s][info][gc,heap     ] GC(82) Eden regions: 28->0(31)
[146.214s][info][gc,heap     ] GC(82) Survivor regions: 5->2(5)
[146.214s][info][gc,heap     ] GC(82) Old regions: 377->380
[146.214s][info][gc,heap     ] GC(82) Humongous regions: 25->25
[146.214s][info][gc,metaspace] GC(82) Metaspace: 336425K(340544K)->336425K(340544K) NonClass: 291660K(294080K)->291660K(294080K) Class: 44765K(46464K)->44765K(46464K)
[146.214s][info][gc          ] GC(82) Pause Young (Mixed) (G1 Evacuation Pause) 867M->811M(1324M) 32.485ms
[146.214s][info][gc,cpu      ] GC(82) User=0.20s Sys=0.00s Real=0.03s
[146.440s][info][gc,start    ] GC(83) Pause Young (Mixed) (G1 Evacuation Pause)
[146.440s][info][gc,task     ] GC(83) Using 8 workers of 8 for evacuation
[146.469s][info][gc,phases   ] GC(83)   Pre Evacuate Collection Set: 0.2ms
[146.469s][info][gc,phases   ] GC(83)   Merge Heap Roots: 0.1ms
[146.469s][info][gc,phases   ] GC(83)   Evacuate Collection Set: 15.4ms
[146.469s][info][gc,phases   ] GC(83)   Post Evacuate Collection Set: 13.0ms
[146.469s][info][gc,phases   ] GC(83)   Other: 0.1ms
[146.469s][info][gc,heap     ] GC(83) Eden regions: 35->0(42)
[146.469s][info][gc,heap     ] GC(83) Survivor regions: 2->3(5)
[146.469s][info][gc,heap     ] GC(83) Old regions: 380->379
[146.469s][info][gc,heap     ] GC(83) Humongous regions: 25->25
[146.469s][info][gc,metaspace] GC(83) Metaspace: 339897K(343936K)->339897K(343936K) NonClass: 294747K(297088K)->294747K(297088K) Class: 45150K(46848K)->45150K(46848K)
[146.469s][info][gc          ] GC(83) Pause Young (Mixed) (G1 Evacuation Pause) 881M->811M(1820M) 29.446ms
[146.470s][info][gc,cpu      ] GC(83) User=0.09s Sys=0.02s Real=0.03s
[147.056s][info][gc,start    ] GC(84) Pause Young (Mixed) (G1 Evacuation Pause)
[147.056s][info][gc,task     ] GC(84) Using 8 workers of 8 for evacuation
[147.095s][info][gc,phases   ] GC(84)   Pre Evacuate Collection Set: 0.3ms
[147.095s][info][gc,phases   ] GC(84)   Merge Heap Roots: 0.1ms
[147.095s][info][gc,phases   ] GC(84)   Evacuate Collection Set: 37.0ms
[147.095s][info][gc,phases   ] GC(84)   Post Evacuate Collection Set: 1.2ms
[147.095s][info][gc,phases   ] GC(84)   Other: 0.1ms
[147.095s][info][gc,heap     ] GC(84) Eden regions: 44->0(45)
[147.095s][info][gc,heap     ] GC(84) Survivor regions: 3->6(6)
[147.095s][info][gc,heap     ] GC(84) Old regions: 379->378
[147.095s][info][gc,heap     ] GC(84) Humongous regions: 25->25
[147.095s][info][gc,metaspace] GC(84) Metaspace: 348436K(352576K)->348436K(352576K) NonClass: 302161K(304576K)->302161K(304576K) Class: 46274K(48000K)->46274K(48000K)
[147.095s][info][gc          ] GC(84) Pause Young (Mixed) (G1 Evacuation Pause) 899M->815M(1820M) 39.071ms
[147.095s][info][gc,cpu      ] GC(84) User=0.07s Sys=0.22s Real=0.03s
[147.677s][info][gc,start    ] GC(85) Pause Young (Mixed) (G1 Evacuation Pause)
[147.677s][info][gc,task     ] GC(85) Using 8 workers of 8 for evacuation
[147.712s][info][gc,phases   ] GC(85)   Pre Evacuate Collection Set: 0.4ms
[147.712s][info][gc,phases   ] GC(85)   Merge Heap Roots: 0.1ms
[147.712s][info][gc,phases   ] GC(85)   Evacuate Collection Set: 32.0ms
[147.712s][info][gc,phases   ] GC(85)   Post Evacuate Collection Set: 2.1ms
[147.712s][info][gc,phases   ] GC(85)   Other: 0.1ms
[147.712s][info][gc,heap     ] GC(85) Eden regions: 48->0(42)
[147.712s][info][gc,heap     ] GC(85) Survivor regions: 6->3(7)
[147.712s][info][gc,heap     ] GC(85) Old regions: 378->382
[147.712s][info][gc,heap     ] GC(85) Humongous regions: 25->25
[147.712s][info][gc,metaspace] GC(85) Metaspace: 354426K(358976K)->354426K(358976K) NonClass: 307421K(310016K)->307421K(310016K) Class: 47004K(48960K)->47004K(48960K)
[147.712s][info][gc          ] GC(85) Pause Young (Mixed) (G1 Evacuation Pause) 911M->817M(1820M) 35.395ms
[147.712s][info][gc,cpu      ] GC(85) User=0.22s Sys=0.03s Real=0.03s
[148.162s][info][gc,start    ] GC(86) Pause Young (Concurrent Start) (G1 Evacuation Pause)
[148.164s][info][gc,task     ] GC(86) Using 8 workers of 8 for evacuation
[148.185s][info][gc,phases   ] GC(86)   Pre Evacuate Collection Set: 3.1ms
[148.185s][info][gc,phases   ] GC(86)   Merge Heap Roots: 0.1ms
[148.185s][info][gc,phases   ] GC(86)   Evacuate Collection Set: 17.5ms
[148.185s][info][gc,phases   ] GC(86)   Post Evacuate Collection Set: 1.0ms
[148.186s][info][gc,phases   ] GC(86)   Other: 0.1ms
[148.186s][info][gc,heap     ] GC(86) Eden regions: 44->0(53)
[148.186s][info][gc,heap     ] GC(86) Survivor regions: 3->5(6)
[148.186s][info][gc,heap     ] GC(86) Old regions: 382->382
[148.186s][info][gc,heap     ] GC(86) Humongous regions: 25->25
[148.186s][info][gc,metaspace] GC(86) Metaspace: 358115K(362688K)->358115K(362688K) NonClass: 310693K(313280K)->310693K(313280K) Class: 47421K(49408K)->47421K(49408K)
[148.186s][info][gc          ] GC(86) Pause Young (Concurrent Start) (G1 Evacuation Pause) 905M->821M(1820M) 24.050ms
[148.188s][info][gc,cpu      ] GC(86) User=0.08s Sys=0.00s Real=0.03s
[148.188s][info][gc          ] GC(87) Concurrent Mark Cycle
[148.193s][info][gc,marking  ] GC(87) Concurrent Scan Root Regions
[148.284s][info][gc,marking  ] GC(87) Concurrent Scan Root Regions 90.354ms
[148.284s][info][gc,marking  ] GC(87) Concurrent Mark
[148.284s][info][gc,marking  ] GC(87) Concurrent Mark From Roots
[148.284s][info][gc,task     ] GC(87) Using 2 workers of 2 for marking
[148.651s][info][gc,start    ] GC(88) Pause Young (Normal) (G1 Evacuation Pause)
[148.651s][info][gc,task     ] GC(88) Using 8 workers of 8 for evacuation
[148.717s][info][gc,phases   ] GC(88)   Pre Evacuate Collection Set: 0.5ms
[148.718s][info][gc,phases   ] GC(88)   Merge Heap Roots: 0.1ms
[148.718s][info][gc,phases   ] GC(88)   Evacuate Collection Set: 64.4ms
[148.718s][info][gc,phases   ] GC(88)   Post Evacuate Collection Set: 1.2ms
[148.718s][info][gc,phases   ] GC(88)   Other: 0.1ms
[148.718s][info][gc,heap     ] GC(88) Eden regions: 56->0(57)
[148.718s][info][gc,heap     ] GC(88) Survivor regions: 5->5(8)
[148.718s][info][gc,heap     ] GC(88) Old regions: 382->384
[148.718s][info][gc,heap     ] GC(88) Humongous regions: 25->25
[148.718s][info][gc,metaspace] GC(88) Metaspace: 359450K(364032K)->359450K(364032K) NonClass: 311926K(314560K)->311926K(314560K) Class: 47524K(49472K)->47524K(49472K)
[148.718s][info][gc          ] GC(88) Pause Young (Normal) (G1 Evacuation Pause) 933M->825M(1820M) 67.001ms
[148.718s][info][gc,cpu      ] GC(88) User=0.20s Sys=0.25s Real=0.07s
[148.905s][info][gc,start    ] GC(89) Pause Young (Normal) (G1 Evacuation Pause)
[148.905s][info][gc,task     ] GC(89) Using 8 workers of 8 for evacuation
[148.954s][info][gc,phases   ] GC(89)   Pre Evacuate Collection Set: 0.3ms
[148.956s][info][gc,phases   ] GC(89)   Merge Heap Roots: 0.1ms
[148.956s][info][gc,phases   ] GC(89)   Evacuate Collection Set: 39.6ms
[148.956s][info][gc,phases   ] GC(89)   Post Evacuate Collection Set: 8.2ms
[148.956s][info][gc,phases   ] GC(89)   Other: 0.1ms
[148.956s][info][gc,heap     ] GC(89) Eden regions: 59->0(65)
[148.956s][info][gc,heap     ] GC(89) Survivor regions: 5->6(8)
[148.956s][info][gc,heap     ] GC(89) Old regions: 384->386
[148.956s][info][gc,heap     ] GC(89) Humongous regions: 25->25
[148.956s][info][gc,metaspace] GC(89) Metaspace: 359757K(364288K)->359757K(364288K) NonClass: 312207K(314816K)->312207K(314816K) Class: 47550K(49472K)->47550K(49472K)
[148.956s][info][gc          ] GC(89) Pause Young (Normal) (G1 Evacuation Pause) 943M->829M(1820M) 50.910ms
[148.956s][info][gc,cpu      ] GC(89) User=0.12s Sys=0.15s Real=0.06s
[149.209s][info][gc,start    ] GC(90) Pause Young (Normal) (G1 Evacuation Pause)
[149.225s][info][gc,task     ] GC(90) Using 8 workers of 8 for evacuation
[149.238s][info][gc,phases   ] GC(90)   Pre Evacuate Collection Set: 0.6ms
[149.238s][info][gc,phases   ] GC(90)   Merge Heap Roots: 0.1ms
[149.238s][info][gc,phases   ] GC(90)   Evacuate Collection Set: 10.0ms
[149.238s][info][gc,phases   ] GC(90)   Post Evacuate Collection Set: 1.7ms
[149.238s][info][gc,phases   ] GC(90)   Other: 0.2ms
[149.238s][info][gc,heap     ] GC(90) Eden regions: 67->0(83)
[149.238s][info][gc,heap     ] GC(90) Survivor regions: 6->7(10)
[149.238s][info][gc,heap     ] GC(90) Old regions: 386->386
[149.238s][info][gc,heap     ] GC(90) Humongous regions: 25->25
[149.238s][info][gc,metaspace] GC(90) Metaspace: 360014K(364544K)->360014K(364544K) NonClass: 312411K(315008K)->312411K(315008K) Class: 47602K(49536K)->47602K(49536K)
[149.239s][info][gc          ] GC(90) Pause Young (Normal) (G1 Evacuation Pause) 963M->831M(1820M) 29.656ms
[149.239s][info][gc,cpu      ] GC(90) User=0.04s Sys=0.03s Real=0.03s
[149.472s][info][gc,start    ] GC(91) Pause Young (Normal) (G1 Evacuation Pause)
[149.472s][info][gc,task     ] GC(91) Using 8 workers of 8 for evacuation
[149.486s][info][gc,phases   ] GC(91)   Pre Evacuate Collection Set: 0.3ms
[149.486s][info][gc,phases   ] GC(91)   Merge Heap Roots: 0.1ms
[149.486s][info][gc,phases   ] GC(91)   Evacuate Collection Set: 12.3ms
[149.486s][info][gc,phases   ] GC(91)   Post Evacuate Collection Set: 0.8ms
[149.486s][info][gc,phases   ] GC(91)   Other: 0.1ms
[149.486s][info][gc,heap     ] GC(91) Eden regions: 85->0(108)
[149.486s][info][gc,heap     ] GC(91) Survivor regions: 7->8(12)
[149.486s][info][gc,heap     ] GC(91) Old regions: 386->386
[149.486s][info][gc,heap     ] GC(91) Humongous regions: 25->25
[149.486s][info][gc,metaspace] GC(91) Metaspace: 360372K(364992K)->360372K(364992K) NonClass: 312729K(315392K)->312729K(315392K) Class: 47642K(49600K)->47642K(49600K)
[149.486s][info][gc          ] GC(91) Pause Young (Normal) (G1 Evacuation Pause) 1001M->834M(1820M) 14.165ms
[149.486s][info][gc,cpu      ] GC(91) User=0.04s Sys=0.04s Real=0.02s
[149.933s][info][gc,start    ] GC(92) Pause Young (Normal) (G1 Evacuation Pause)
[149.934s][info][gc,task     ] GC(92) Using 8 workers of 8 for evacuation
[149.952s][info][gc,phases   ] GC(92)   Pre Evacuate Collection Set: 0.8ms
[149.956s][info][gc,phases   ] GC(92)   Merge Heap Roots: 0.1ms
[149.956s][info][gc,phases   ] GC(92)   Evacuate Collection Set: 11.4ms
[149.956s][info][gc,phases   ] GC(92)   Post Evacuate Collection Set: 5.6ms
[149.956s][info][gc,phases   ] GC(92)   Other: 0.1ms
[149.956s][info][gc,heap     ] GC(92) Eden regions: 110->0(143)
[149.956s][info][gc,heap     ] GC(92) Survivor regions: 8->8(15)
[149.956s][info][gc,heap     ] GC(92) Old regions: 386->386
[149.956s][info][gc,heap     ] GC(92) Humongous regions: 25->25
[149.956s][info][gc,metaspace] GC(92) Metaspace: 361081K(365696K)->361081K(365696K) NonClass: 313380K(316032K)->313380K(316032K) Class: 47700K(49664K)->47700K(49664K)
[149.957s][info][gc          ] GC(92) Pause Young (Normal) (G1 Evacuation Pause) 1054M->834M(1820M) 23.649ms
[149.961s][info][gc,cpu      ] GC(92) User=0.06s Sys=0.04s Real=0.03s
[150.831s][info][gc,start    ] GC(93) Pause Young (Normal) (G1 Evacuation Pause)
[150.833s][info][gc,task     ] GC(93) Using 8 workers of 8 for evacuation
[151.424s][info][gc,mmu      ] GC(93) MMU target violated: 201.0ms (200.0ms/201.0ms)
[151.839s][info][gc,phases   ] GC(93)   Pre Evacuate Collection Set: 75.9ms
[151.843s][info][gc,phases   ] GC(93)   Merge Heap Roots: 0.5ms
[151.843s][info][gc,phases   ] GC(93)   Evacuate Collection Set: 502.4ms
[151.843s][info][gc,phases   ] GC(93)   Post Evacuate Collection Set: 11.4ms
[151.843s][info][gc,phases   ] GC(93)   Other: 416.5ms
[151.843s][info][gc,heap     ] GC(93) Eden regions: 143->0(33)
[151.843s][info][gc,heap     ] GC(93) Survivor regions: 8->12(19)
[151.843s][info][gc,heap     ] GC(93) Old regions: 386->386
[151.843s][info][gc,heap     ] GC(93) Humongous regions: 25->25
[151.843s][info][gc,metaspace] GC(93) Metaspace: 361755K(366336K)->361755K(366336K) NonClass: 314015K(316672K)->314015K(316672K) Class: 47740K(49664K)->47740K(49664K)
[151.844s][info][gc          ] GC(93) Pause Young (Normal) (G1 Evacuation Pause) 1120M->842M(1820M) 1012.482ms
[151.844s][info][gc,cpu      ] GC(93) User=2.62s Sys=0.71s Real=1.01s
[152.112s][info][gc,start    ] GC(94) Pause Young (Normal) (G1 Evacuation Pause)
[152.112s][info][gc,task     ] GC(94) Using 8 workers of 8 for evacuation
[152.154s][info][gc,phases   ] GC(94)   Pre Evacuate Collection Set: 1.5ms
[152.154s][info][gc,phases   ] GC(94)   Merge Heap Roots: 0.1ms
[152.154s][info][gc,phases   ] GC(94)   Evacuate Collection Set: 36.5ms
[152.154s][info][gc,phases   ] GC(94)   Post Evacuate Collection Set: 3.2ms
[152.154s][info][gc,phases   ] GC(94)   Other: 0.1ms
[152.154s][info][gc,heap     ] GC(94) Eden regions: 33->0(66)
[152.154s][info][gc,heap     ] GC(94) Survivor regions: 12->3(6)
[152.154s][info][gc,heap     ] GC(94) Old regions: 386->396
[152.154s][info][gc,heap     ] GC(94) Humongous regions: 25->25
[152.154s][info][gc,metaspace] GC(94) Metaspace: 361855K(366464K)->361855K(366464K) NonClass: 314106K(316736K)->314106K(316736K) Class: 47749K(49728K)->47749K(49728K)
[152.154s][info][gc          ] GC(94) Pause Young (Normal) (G1 Evacuation Pause) 908M->844M(2028M) 42.070ms
[152.154s][info][gc,cpu      ] GC(94) User=0.31s Sys=0.00s Real=0.04s
[153.093s][info][gc,start    ] GC(95) Pause Young (Normal) (G1 Evacuation Pause)
[153.093s][info][gc,task     ] GC(95) Using 8 workers of 8 for evacuation
[153.127s][info][gc,phases   ] GC(95)   Pre Evacuate Collection Set: 2.0ms
[153.128s][info][gc,phases   ] GC(95)   Merge Heap Roots: 0.2ms
[153.128s][info][gc,phases   ] GC(95)   Evacuate Collection Set: 28.2ms
[153.128s][info][gc,phases   ] GC(95)   Post Evacuate Collection Set: 3.4ms
[153.128s][info][gc,phases   ] GC(95)   Other: 0.1ms
[153.128s][info][gc,heap     ] GC(95) Eden regions: 67->0(71)
[153.128s][info][gc,heap     ] GC(95) Survivor regions: 3->5(9)
[153.128s][info][gc,heap     ] GC(95) Old regions: 396->396
[153.128s][info][gc,heap     ] GC(95) Humongous regions: 25->25
[153.128s][info][gc,metaspace] GC(95) Metaspace: 362912K(367424K)->362912K(367424K) NonClass: 315042K(317632K)->315042K(317632K) Class: 47870K(49792K)->47870K(49792K)
[153.128s][info][gc          ] GC(95) Pause Young (Normal) (G1 Evacuation Pause) 978M->848M(2028M) 34.740ms
[153.128s][info][gc,cpu      ] GC(95) User=0.16s Sys=0.06s Real=0.04s
[153.927s][info][gc,marking  ] GC(87) Concurrent Mark From Roots 5642.788ms
[153.927s][info][gc,marking  ] GC(87) Concurrent Preclean
[153.937s][info][gc,marking  ] GC(87) Concurrent Preclean 9.323ms
[153.961s][info][gc,start    ] GC(87) Pause Remark
[154.882s][info][gc,mmu      ] GC(87) MMU target violated: 201.0ms (200.0ms/201.0ms)
[154.883s][info][gc          ] GC(87) Pause Remark 924M->924M(2028M) 921.585ms
[154.883s][info][gc,cpu      ] GC(87) User=3.92s Sys=0.18s Real=0.92s
[154.884s][info][gc,marking  ] GC(87) Concurrent Mark 6600.119ms
[154.885s][info][gc,marking  ] GC(87) Concurrent Rebuild Remembered Sets and Scrub Regions
[155.513s][info][gc,start    ] GC(96) Pause Young (Normal) (G1 Evacuation Pause)
[155.514s][info][gc,task     ] GC(96) Using 8 workers of 8 for evacuation
[155.592s][info][gc,phases   ] GC(96)   Pre Evacuate Collection Set: 2.3ms
[155.593s][info][gc,phases   ] GC(96)   Merge Heap Roots: 0.3ms
[155.593s][info][gc,phases   ] GC(96)   Evacuate Collection Set: 64.8ms
[155.593s][info][gc,phases   ] GC(96)   Post Evacuate Collection Set: 11.0ms
[155.593s][info][gc,phases   ] GC(96)   Other: 0.1ms
[155.593s][info][gc,heap     ] GC(96) Eden regions: 72->0(70)
[155.593s][info][gc,heap     ] GC(96) Survivor regions: 5->8(10)
[155.593s][info][gc,heap     ] GC(96) Old regions: 396->396
[155.593s][info][gc,heap     ] GC(96) Humongous regions: 25->25
[155.593s][info][gc,metaspace] GC(96) Metaspace: 367992K(372544K)->367992K(372544K) NonClass: 319362K(321984K)->319362K(321984K) Class: 48630K(50560K)->48630K(50560K)
[155.593s][info][gc          ] GC(96) Pause Young (Normal) (G1 Evacuation Pause) 992M->855M(2028M) 79.816ms
[155.593s][info][gc,cpu      ] GC(96) User=0.34s Sys=0.08s Real=0.08s
[156.052s][info][gc,start    ] GC(97) Pause Young (Normal) (G1 Evacuation Pause)
[156.054s][info][gc,task     ] GC(97) Using 8 workers of 8 for evacuation
[156.138s][info][gc,phases   ] GC(97)   Pre Evacuate Collection Set: 2.3ms
[156.139s][info][gc,phases   ] GC(97)   Merge Heap Roots: 0.3ms
[156.139s][info][gc,phases   ] GC(97)   Evacuate Collection Set: 71.9ms
[156.139s][info][gc,phases   ] GC(97)   Post Evacuate Collection Set: 9.3ms
[156.139s][info][gc,phases   ] GC(97)   Other: 0.1ms
[156.139s][info][gc,heap     ] GC(97) Eden regions: 62->0(81)
[156.139s][info][gc,heap     ] GC(97) Survivor regions: 8->7(9)
[156.139s][info][gc,heap     ] GC(97) Old regions: 396->400
[156.139s][info][gc,heap     ] GC(97) Humongous regions: 25->25
[156.139s][info][gc,metaspace] GC(97) Metaspace: 369081K(373696K)->369081K(373696K) NonClass: 320294K(322944K)->320294K(322944K) Class: 48787K(50752K)->48787K(50752K)
[156.139s][info][gc          ] GC(97) Pause Young (Normal) (G1 Evacuation Pause) 979M->861M(2028M) 86.878ms
[156.139s][info][gc,cpu      ] GC(97) User=0.59s Sys=0.01s Real=0.09s
[156.620s][info][gc,start    ] GC(98) Pause Young (Normal) (G1 Evacuation Pause)
[156.621s][info][gc,task     ] GC(98) Using 8 workers of 8 for evacuation
[156.713s][info][gc,phases   ] GC(98)   Pre Evacuate Collection Set: 3.8ms
[157.054s][info][gc,phases   ] GC(98)   Merge Heap Roots: 0.7ms
[157.054s][info][gc,phases   ] GC(98)   Evacuate Collection Set: 80.4ms
[157.054s][info][gc,phases   ] GC(98)   Post Evacuate Collection Set: 6.9ms
[157.054s][info][gc,phases   ] GC(98)   Other: 0.3ms
[157.054s][info][gc,heap     ] GC(98) Eden regions: 63->0(91)
[157.054s][info][gc,heap     ] GC(98) Survivor regions: 7->4(9)
[157.054s][info][gc,heap     ] GC(98) Old regions: 400->403
[157.054s][info][gc,heap     ] GC(98) Humongous regions: 25->25
[157.054s][info][gc,metaspace] GC(98) Metaspace: 369444K(373952K)->369444K(373952K) NonClass: 320629K(323200K)->320629K(323200K) Class: 48815K(50752K)->48815K(50752K)
[157.054s][info][gc          ] GC(98) Pause Young (Normal) (G1 Evacuation Pause) 987M->862M(2028M) 433.853ms
[157.054s][info][gc,cpu      ] GC(98) User=0.61s Sys=0.04s Real=0.43s
[157.431s][info][gc,start    ] GC(99) Pause Young (Normal) (G1 Evacuation Pause)
[157.475s][info][gc,task     ] GC(99) Using 8 workers of 8 for evacuation
[157.534s][info][gc,phases   ] GC(99)   Pre Evacuate Collection Set: 5.1ms
[157.877s][info][gc,phases   ] GC(99)   Merge Heap Roots: 1.0ms
[157.877s][info][gc,phases   ] GC(99)   Evacuate Collection Set: 37.5ms
[157.878s][info][gc,phases   ] GC(99)   Post Evacuate Collection Set: 11.6ms
[157.878s][info][gc,phases   ] GC(99)   Other: 4.1ms
[157.878s][info][gc,heap     ] GC(99) Eden regions: 78->0(99)
[157.878s][info][gc,heap     ] GC(99) Survivor regions: 4->5(11)
[157.878s][info][gc,heap     ] GC(99) Old regions: 403->403
[157.878s][info][gc,heap     ] GC(99) Humongous regions: 25->25
[157.878s][info][gc,metaspace] GC(99) Metaspace: 370062K(374656K)->370062K(374656K) NonClass: 321176K(323776K)->321176K(323776K) Class: 48886K(50880K)->48886K(50880K)
[157.878s][info][gc          ] GC(99) Pause Young (Normal) (G1 Evacuation Pause) 1018M->862M(2214M) 446.463ms
[157.878s][info][gc,cpu      ] GC(99) User=0.21s Sys=0.11s Real=0.45s
[158.635s][info][gc,start    ] GC(100) Pause Young (Normal) (G1 Evacuation Pause)
[158.636s][info][gc,task     ] GC(100) Using 8 workers of 8 for evacuation
[158.686s][info][gc,phases   ] GC(100)   Pre Evacuate Collection Set: 8.8ms
[158.686s][info][gc,phases   ] GC(100)   Merge Heap Roots: 1.3ms
[158.686s][info][gc,phases   ] GC(100)   Evacuate Collection Set: 36.9ms
[158.686s][info][gc,phases   ] GC(100)   Post Evacuate Collection Set: 3.2ms
[158.686s][info][gc,phases   ] GC(100)   Other: 0.1ms
[158.686s][info][gc,heap     ] GC(100) Eden regions: 93->0(110)
[158.686s][info][gc,heap     ] GC(100) Survivor regions: 5->7(13)
[158.686s][info][gc,heap     ] GC(100) Old regions: 403->403
[158.687s][info][gc,heap     ] GC(100) Humongous regions: 25->25
[158.687s][info][gc,metaspace] GC(100) Metaspace: 370839K(375424K)->370839K(375424K) NonClass: 321877K(324480K)->321877K(324480K) Class: 48961K(50944K)->48961K(50944K)
[158.687s][info][gc          ] GC(100) Pause Young (Normal) (G1 Evacuation Pause) 1048M->867M(2214M) 51.369ms
[158.687s][info][gc,cpu      ] GC(100) User=0.28s Sys=0.03s Real=0.06s
[159.490s][info][gc,start    ] GC(101) Pause Young (Normal) (G1 Evacuation Pause)
[159.490s][info][gc,task     ] GC(101) Using 8 workers of 8 for evacuation
[159.552s][info][gc,phases   ] GC(101)   Pre Evacuate Collection Set: 3.0ms
[159.553s][info][gc,phases   ] GC(101)   Merge Heap Roots: 0.5ms
[159.553s][info][gc,phases   ] GC(101)   Evacuate Collection Set: 43.5ms
[159.554s][info][gc,phases   ] GC(101)   Post Evacuate Collection Set: 14.3ms
[159.554s][info][gc,phases   ] GC(101)   Other: 0.8ms
[159.554s][info][gc,heap     ] GC(101) Eden regions: 108->0(122)
[159.554s][info][gc,heap     ] GC(101) Survivor regions: 7->9(15)
[159.554s][info][gc,heap     ] GC(101) Old regions: 403->403
[159.554s][info][gc,heap     ] GC(101) Humongous regions: 25->25
[159.554s][info][gc,metaspace] GC(101) Metaspace: 371229K(375808K)->371229K(375808K) NonClass: 322236K(324800K)->322236K(324800K) Class: 48993K(51008K)->48993K(51008K)
[159.554s][info][gc          ] GC(101) Pause Young (Normal) (G1 Evacuation Pause) 1083M->871M(2214M) 64.672ms
[159.554s][info][gc,cpu      ] GC(101) User=0.45s Sys=0.00s Real=0.06s
[159.761s][info][gc,marking  ] GC(87) Concurrent Rebuild Remembered Sets and Scrub Regions 4876.357ms
[159.790s][info][gc,start    ] GC(87) Pause Cleanup
[159.792s][info][gc          ] GC(87) Pause Cleanup 995M->995M(2214M) 1.803ms
[159.792s][info][gc,cpu      ] GC(87) User=0.00s Sys=0.00s Real=0.00s
[159.794s][info][gc,marking  ] GC(87) Concurrent Clear Claimed Marks
[159.800s][info][gc,marking  ] GC(87) Concurrent Clear Claimed Marks 5.854ms
[159.800s][info][gc,marking  ] GC(87) Concurrent Cleanup for Next Mark
[159.892s][info][gc,marking  ] GC(87) Concurrent Cleanup for Next Mark 92.009ms
[159.892s][info][gc          ] GC(87) Concurrent Mark Cycle 11704.916ms
[159.988s][info][gc,start    ] GC(102) Pause Young (Prepare Mixed) (G1 Evacuation Pause)
[159.989s][info][gc,task     ] GC(102) Using 8 workers of 8 for evacuation
[160.028s][info][gc,phases   ] GC(102)   Pre Evacuate Collection Set: 1.1ms
[160.028s][info][gc,phases   ] GC(102)   Merge Heap Roots: 0.4ms
[160.029s][info][gc,phases   ] GC(102)   Evacuate Collection Set: 32.9ms
[160.029s][info][gc,phases   ] GC(102)   Post Evacuate Collection Set: 5.2ms
[160.029s][info][gc,phases   ] GC(102)   Other: 0.1ms
[160.029s][info][gc,heap     ] GC(102) Eden regions: 120->0(160)
[160.029s][info][gc,heap     ] GC(102) Survivor regions: 9->9(17)
[160.029s][info][gc,heap     ] GC(102) Old regions: 403->403
[160.029s][info][gc,heap     ] GC(102) Humongous regions: 25->25
[160.029s][info][gc,metaspace] GC(102) Metaspace: 371370K(376000K)->371370K(376000K) NonClass: 322362K(324992K)->322362K(324992K) Class: 49007K(51008K)->49007K(51008K)
[160.029s][info][gc          ] GC(102) Pause Young (Prepare Mixed) (G1 Evacuation Pause) 1111M->872M(2214M) 40.648ms
[160.029s][info][gc,cpu      ] GC(102) User=0.28s Sys=0.00s Real=0.04s
[160.768s][info][gc,start    ] GC(103) Pause Young (Mixed) (G1 Evacuation Pause)
[160.769s][info][gc,task     ] GC(103) Using 8 workers of 8 for evacuation
[160.805s][info][gc,phases   ] GC(103)   Pre Evacuate Collection Set: 1.6ms
[160.805s][info][gc,phases   ] GC(103)   Merge Heap Roots: 0.9ms
[160.805s][info][gc,phases   ] GC(103)   Evacuate Collection Set: 31.1ms
[160.806s][info][gc,phases   ] GC(103)   Post Evacuate Collection Set: 2.8ms
[160.806s][info][gc,phases   ] GC(103)   Other: 0.2ms
[160.806s][info][gc,heap     ] GC(103) Eden regions: 164->0(187)
[160.806s][info][gc,heap     ] GC(103) Survivor regions: 9->10(22)
[160.806s][info][gc,heap     ] GC(103) Old regions: 403->402
[160.806s][info][gc,heap     ] GC(103) Humongous regions: 25->25
[160.806s][info][gc,metaspace] GC(103) Metaspace: 373203K(377792K)->373203K(377792K) NonClass: 324046K(326656K)->324046K(326656K) Class: 49156K(51136K)->49156K(51136K)
[160.806s][info][gc          ] GC(103) Pause Young (Mixed) (G1 Evacuation Pause) 1200M->870M(2214M) 37.477ms
[160.806s][info][gc,cpu      ] GC(103) User=0.22s Sys=0.03s Real=0.04s
[161.627s][info][gc,start    ] GC(104) Pause Young (Mixed) (G1 Evacuation Pause)
[161.627s][info][gc,task     ] GC(104) Using 8 workers of 8 for evacuation
[161.731s][info][gc,phases   ] GC(104)   Pre Evacuate Collection Set: 1.0ms
[161.731s][info][gc,phases   ] GC(104)   Merge Heap Roots: 0.9ms
[161.731s][info][gc,phases   ] GC(104)   Evacuate Collection Set: 99.4ms
[161.731s][info][gc,phases   ] GC(104)   Post Evacuate Collection Set: 2.3ms
[161.731s][info][gc,phases   ] GC(104)   Other: 0.1ms
[161.731s][info][gc,heap     ] GC(104) Eden regions: 192->0(173)
[161.731s][info][gc,heap     ] GC(104) Survivor regions: 10->12(26)
[161.732s][info][gc,heap     ] GC(104) Old regions: 402->395
[161.732s][info][gc,heap     ] GC(104) Humongous regions: 25->25
[161.732s][info][gc,metaspace] GC(104) Metaspace: 376011K(380608K)->376011K(380608K) NonClass: 326357K(328960K)->326357K(328960K) Class: 49654K(51648K)->49654K(51648K)
[161.732s][info][gc          ] GC(104) Pause Young (Mixed) (G1 Evacuation Pause) 1254M->860M(2214M) 105.169ms
[161.732s][info][gc,cpu      ] GC(104) User=0.69s Sys=0.06s Real=0.10s
[166.661s][info][gc,start    ] GC(105) Pause Young (Concurrent Start) (G1 Evacuation Pause)
[166.662s][info][gc,task     ] GC(105) Using 8 workers of 8 for evacuation
[166.886s][info][gc,mmu      ] GC(105) MMU target violated: 201.0ms (200.0ms/201.0ms)
[166.887s][info][gc,phases   ] GC(105)   Pre Evacuate Collection Set: 7.9ms
[166.887s][info][gc,phases   ] GC(105)   Merge Heap Roots: 1.0ms
[166.887s][info][gc,phases   ] GC(105)   Evacuate Collection Set: 194.1ms
[166.887s][info][gc,phases   ] GC(105)   Post Evacuate Collection Set: 20.9ms
[166.887s][info][gc,phases   ] GC(105)   Other: 1.1ms
[166.888s][info][gc,heap     ] GC(105) Eden regions: 607->0(104)
[166.888s][info][gc,heap     ] GC(105) Survivor regions: 12->15(78)
[166.888s][info][gc,heap     ] GC(105) Old regions: 395->395
[166.888s][info][gc,heap     ] GC(105) Humongous regions: 25->25
[166.888s][info][gc,metaspace] GC(105) Metaspace: 378610K(383296K)->378610K(383296K) NonClass: 328651K(331328K)->328651K(331328K) Class: 49958K(51968K)->49958K(51968K)
[166.888s][info][gc          ] GC(105) Pause Young (Concurrent Start) (G1 Evacuation Pause) 2074M->868M(2214M) 227.100ms
[166.888s][info][gc          ] GC(106) Concurrent Mark Cycle
[166.888s][info][gc,marking  ] GC(106) Concurrent Scan Root Regions
[166.888s][info][gc,cpu      ] GC(105) User=0.81s Sys=0.44s Real=0.23s
[167.348s][info][gc,marking  ] GC(106) Concurrent Scan Root Regions 458.616ms
[167.350s][info][gc,marking  ] GC(106) Concurrent Mark
[167.350s][info][gc,marking  ] GC(106) Concurrent Mark From Roots
[167.351s][info][gc,task     ] GC(106) Using 2 workers of 2 for marking
[167.867s][info][gc,start    ] GC(107) Pause Young (Normal) (G1 Evacuation Pause)
[167.868s][info][gc,task     ] GC(107) Using 8 workers of 8 for evacuation
[167.924s][info][gc,phases   ] GC(107)   Pre Evacuate Collection Set: 2.0ms
[167.924s][info][gc,phases   ] GC(107)   Merge Heap Roots: 0.2ms
[167.924s][info][gc,phases   ] GC(107)   Evacuate Collection Set: 50.0ms
[167.924s][info][gc,phases   ] GC(107)   Post Evacuate Collection Set: 3.8ms
[167.924s][info][gc,phases   ] GC(107)   Other: 0.2ms
[167.924s][info][gc,heap     ] GC(107) Eden regions: 152->0(174)
[167.924s][info][gc,heap     ] GC(107) Survivor regions: 15->13(21)
[167.924s][info][gc,heap     ] GC(107) Old regions: 395->398
[167.924s][info][gc,heap     ] GC(107) Humongous regions: 25->25
[167.924s][info][gc,metaspace] GC(107) Metaspace: 378934K(383552K)->378934K(383552K) NonClass: 328934K(331584K)->328934K(331584K) Class: 49999K(51968K)->49999K(51968K)
[167.925s][info][gc          ] GC(107) Pause Young (Normal) (G1 Evacuation Pause) 1172M->869M(2214M) 57.291ms
[167.925s][info][gc,cpu      ] GC(107) User=0.39s Sys=0.01s Real=0.05s
[169.045s][info][gc,start    ] GC(108) Pause Young (Normal) (G1 Evacuation Pause)
[169.045s][info][gc,task     ] GC(108) Using 8 workers of 8 for evacuation
[169.113s][info][gc,phases   ] GC(108)   Pre Evacuate Collection Set: 1.3ms
[169.113s][info][gc,phases   ] GC(108)   Merge Heap Roots: 0.5ms
[169.113s][info][gc,phases   ] GC(108)   Evacuate Collection Set: 62.0ms
[169.113s][info][gc,phases   ] GC(108)   Post Evacuate Collection Set: 3.8ms
[169.113s][info][gc,phases   ] GC(108)   Other: 0.1ms
[169.113s][info][gc,heap     ] GC(108) Eden regions: 373->0(276)
[169.113s][info][gc,heap     ] GC(108) Survivor regions: 13->16(49)
[169.113s][info][gc,heap     ] GC(108) Old regions: 398->398
[169.113s][info][gc,heap     ] GC(108) Humongous regions: 25->25
[169.113s][info][gc,metaspace] GC(108) Metaspace: 379975K(384704K)->379975K(384704K) NonClass: 329860K(332544K)->329860K(332544K) Class: 50114K(52160K)->50114K(52160K)
[169.113s][info][gc          ] GC(108) Pause Young (Normal) (G1 Evacuation Pause) 1615M->875M(2214M) 68.234ms
[169.113s][info][gc,cpu      ] GC(108) User=0.42s Sys=0.07s Real=0.07s
[171.302s][info][gc,start    ] GC(109) Pause Young (Normal) (G1 Evacuation Pause)
[171.303s][info][gc,task     ] GC(109) Using 8 workers of 8 for evacuation
[171.460s][info][gc,phases   ] GC(109)   Pre Evacuate Collection Set: 7.8ms
[171.460s][info][gc,phases   ] GC(109)   Merge Heap Roots: 1.4ms
[171.461s][info][gc,phases   ] GC(109)   Evacuate Collection Set: 125.3ms
[171.461s][info][gc,phases   ] GC(109)   Post Evacuate Collection Set: 12.3ms
[171.461s][info][gc,phases   ] GC(109)   Other: 0.9ms
[171.461s][info][gc,heap     ] GC(109) Eden regions: 477->0(183)
[171.461s][info][gc,heap     ] GC(109) Survivor regions: 16->18(62)
[171.461s][info][gc,heap     ] GC(109) Old regions: 398->398
[171.461s][info][gc,heap     ] GC(109) Humongous regions: 25->25
[171.461s][info][gc,metaspace] GC(109) Metaspace: 383659K(388416K)->383659K(388416K) NonClass: 333164K(335872K)->333164K(335872K) Class: 50495K(52544K)->50495K(52544K)
[171.461s][info][gc          ] GC(109) Pause Young (Normal) (G1 Evacuation Pause) 1829M->880M(2214M) 160.473ms
[171.461s][info][gc,cpu      ] GC(109) User=1.07s Sys=0.02s Real=0.16s
[172.504s][info][gc,marking  ] GC(106) Concurrent Mark From Roots 5153.035ms
[172.508s][info][gc,marking  ] GC(106) Concurrent Preclean
[172.638s][info][gc,marking  ] GC(106) Concurrent Preclean 130.451ms
[172.652s][info][gc,start    ] GC(106) Pause Remark
[174.187s][info][gc,mmu      ] GC(106) MMU target violated: 201.0ms (200.0ms/201.0ms)
[174.188s][info][gc          ] GC(106) Pause Remark 1140M->1140M(2214M) 1536.146ms
[174.189s][info][gc,cpu      ] GC(106) User=9.14s Sys=0.68s Real=1.54s
[174.201s][info][gc,marking  ] GC(106) Concurrent Mark 6851.124ms
[174.202s][info][gc,marking  ] GC(106) Concurrent Rebuild Remembered Sets and Scrub Regions
[175.908s][info][gc,start    ] GC(110) Pause Young (Normal) (G1 Evacuation Pause)
[175.909s][info][gc,task     ] GC(110) Using 8 workers of 8 for evacuation
[176.105s][info][gc,phases   ] GC(110)   Pre Evacuate Collection Set: 3.7ms
[176.105s][info][gc,phases   ] GC(110)   Merge Heap Roots: 0.3ms
[176.105s][info][gc,phases   ] GC(110)   Evacuate Collection Set: 177.8ms
[176.105s][info][gc,phases   ] GC(110)   Post Evacuate Collection Set: 13.6ms
[176.105s][info][gc,phases   ] GC(110)   Other: 0.5ms
[176.105s][info][gc,heap     ] GC(110) Eden regions: 354->0(56)
[176.106s][info][gc,heap     ] GC(110) Survivor regions: 18->25(47)
[176.106s][info][gc,heap     ] GC(110) Old regions: 398->398
[176.106s][info][gc,heap     ] GC(110) Humongous regions: 25->25
[176.106s][info][gc,metaspace] GC(110) Metaspace: 385650K(390400K)->385650K(390400K) NonClass: 335014K(337664K)->335014K(337664K) Class: 50635K(52736K)->50635K(52736K)
[176.106s][info][gc          ] GC(110) Pause Young (Normal) (G1 Evacuation Pause) 1588M->894M(2214M) 197.961ms
[176.106s][info][gc,cpu      ] GC(110) User=1.50s Sys=0.00s Real=0.20s
[176.442s][info][gc,start    ] GC(111) Pause Young (Normal) (G1 Evacuation Pause)
[176.442s][info][gc,task     ] GC(111) Using 8 workers of 8 for evacuation
[176.582s][info][gc,phases   ] GC(111)   Pre Evacuate Collection Set: 1.4ms
[176.586s][info][gc,phases   ] GC(111)   Merge Heap Roots: 0.2ms
[176.586s][info][gc,phases   ] GC(111)   Evacuate Collection Set: 125.8ms
[176.586s][info][gc,phases   ] GC(111)   Post Evacuate Collection Set: 12.1ms
[176.586s][info][gc,phases   ] GC(111)   Other: 0.1ms
[176.586s][info][gc,heap     ] GC(111) Eden regions: 38->0(658)
[176.586s][info][gc,heap     ] GC(111) Survivor regions: 25->5(8)
[176.586s][info][gc,heap     ] GC(111) Old regions: 398->422
[176.586s][info][gc,heap     ] GC(111) Humongous regions: 25->25
[176.586s][info][gc,metaspace] GC(111) Metaspace: 385884K(390592K)->385884K(390592K) NonClass: 335221K(337856K)->335221K(337856K) Class: 50662K(52736K)->50662K(52736K)
[176.586s][info][gc          ] GC(111) Pause Young (Normal) (G1 Evacuation Pause) 970M->900M(2350M) 143.953ms
[176.587s][info][gc,cpu      ] GC(111) User=0.88s Sys=0.06s Real=0.15s
[178.326s][info][gc,marking  ] GC(106) Concurrent Rebuild Remembered Sets and Scrub Regions 4123.290ms
[178.331s][info][gc,start    ] GC(106) Pause Cleanup
[178.335s][info][gc          ] GC(106) Pause Cleanup 1266M->1266M(2350M) 3.530ms
[178.335s][info][gc,cpu      ] GC(106) User=0.01s Sys=0.00s Real=0.00s
[178.335s][info][gc,marking  ] GC(106) Concurrent Clear Claimed Marks
[178.348s][info][gc,start    ] GC(112) Pause Young (Prepare Mixed) (G1 Evacuation Pause)
[178.348s][info][gc,task     ] GC(112) Using 8 workers of 8 for evacuation
[178.351s][info][gc,marking  ] GC(106) Concurrent Clear Claimed Marks 16.174ms
[178.351s][info][gc,marking  ] GC(106) Concurrent Cleanup for Next Mark
[178.523s][info][gc,phases   ] GC(112)   Pre Evacuate Collection Set: 1.8ms
[178.523s][info][gc,phases   ] GC(112)   Merge Heap Roots: 0.8ms
[178.524s][info][gc,phases   ] GC(112)   Evacuate Collection Set: 149.8ms
[178.524s][info][gc,phases   ] GC(112)   Post Evacuate Collection Set: 22.9ms
[178.524s][info][gc,phases   ] GC(112)   Other: 0.1ms
[178.524s][info][gc,heap     ] GC(112) Eden regions: 185->0(652)
[178.524s][info][gc,heap     ] GC(112) Survivor regions: 5->8(24)
[178.524s][info][gc,heap     ] GC(112) Old regions: 422->422
[178.524s][info][gc,heap     ] GC(112) Humongous regions: 25->25
[178.524s][info][gc,metaspace] GC(112) Metaspace: 387390K(392128K)->387390K(392128K) NonClass: 336641K(339328K)->336641K(339328K) Class: 50749K(52800K)->50749K(52800K)
[178.524s][info][gc          ] GC(112) Pause Young (Prepare Mixed) (G1 Evacuation Pause) 1270M->907M(2350M) 176.337ms
[178.524s][info][gc,cpu      ] GC(112) User=0.77s Sys=0.03s Real=0.17s
[178.723s][info][gc,marking  ] GC(106) Concurrent Cleanup for Next Mark 371.264ms
[178.723s][info][gc          ] GC(106) Concurrent Mark Cycle 11835.353ms
[182.246s][info][gc,start    ] GC(113) Pause Young (Mixed) (G1 Evacuation Pause)
[182.259s][info][gc,task     ] GC(113) Using 8 workers of 8 for evacuation
[182.747s][info][gc,mmu      ] GC(113) MMU target violated: 201.0ms (200.0ms/201.0ms)
[182.748s][info][gc,phases   ] GC(113)   Pre Evacuate Collection Set: 10.7ms
[182.748s][info][gc,phases   ] GC(113)   Merge Heap Roots: 2.5ms
[182.748s][info][gc,phases   ] GC(113)   Evacuate Collection Set: 436.0ms
[182.748s][info][gc,phases   ] GC(113)   Post Evacuate Collection Set: 37.7ms
[182.748s][info][gc,phases   ] GC(113)   Other: 3.1ms
[182.748s][info][gc,heap     ] GC(113) Eden regions: 652->0(149)
[182.748s][info][gc,heap     ] GC(113) Survivor regions: 8->14(83)
[182.749s][info][gc,heap     ] GC(113) Old regions: 422->416
[182.749s][info][gc,heap     ] GC(113) Humongous regions: 25->25
[182.749s][info][gc,metaspace] GC(113) Metaspace: 388566K(393280K)->388566K(393280K) NonClass: 337770K(340416K)->337770K(340416K) Class: 50795K(52864K)->50795K(52864K)
[182.749s][info][gc          ] GC(113) Pause Young (Mixed) (G1 Evacuation Pause) 2211M->907M(2350M) 502.885ms
[182.749s][info][gc,cpu      ] GC(113) User=3.19s Sys=0.16s Real=0.50s
[185.437s][info][gc,start    ] GC(114) Pause Young (Concurrent Start) (G1 Evacuation Pause)
[185.442s][info][gc,task     ] GC(114) Using 8 workers of 8 for evacuation
[185.708s][info][gc,mmu      ] GC(114) MMU target violated: 201.0ms (200.0ms/201.0ms)
[185.709s][info][gc,phases   ] GC(114)   Pre Evacuate Collection Set: 16.4ms
[185.709s][info][gc,phases   ] GC(114)   Merge Heap Roots: 3.5ms
[185.709s][info][gc,phases   ] GC(114)   Evacuate Collection Set: 227.4ms
[185.709s][info][gc,phases   ] GC(114)   Post Evacuate Collection Set: 16.8ms
[185.709s][info][gc,phases   ] GC(114)   Other: 3.7ms
[185.709s][info][gc,heap     ] GC(114) Eden regions: 262->0(33)
[185.709s][info][gc,heap     ] GC(114) Survivor regions: 14->25(35)
[185.709s][info][gc,heap     ] GC(114) Old regions: 416->416
[185.709s][info][gc,heap     ] GC(114) Humongous regions: 25->25
[185.709s][info][gc,metaspace] GC(114) Metaspace: 390121K(394752K)->390121K(394752K) NonClass: 339215K(341824K)->339215K(341824K) Class: 50905K(52928K)->50905K(52928K)
[185.709s][info][gc          ] GC(114) Pause Young (Concurrent Start) (G1 Evacuation Pause) 1431M->929M(2350M) 272.704ms
[185.711s][info][gc,cpu      ] GC(114) User=1.89s Sys=0.06s Real=0.27s
[185.716s][info][gc          ] GC(115) Concurrent Mark Cycle
[185.728s][info][gc,marking  ] GC(115) Concurrent Scan Root Regions
[185.933s][info][gc,marking  ] GC(115) Concurrent Scan Root Regions 205.097ms
[185.941s][info][gc,marking  ] GC(115) Concurrent Mark
[185.941s][info][gc,marking  ] GC(115) Concurrent Mark From Roots
[185.941s][info][gc,task     ] GC(115) Using 2 workers of 2 for marking
[185.977s][info][gc,start    ] GC(116) Pause Young (Normal) (G1 Evacuation Pause)
[185.977s][info][gc,task     ] GC(116) Using 8 workers of 8 for evacuation
[186.141s][info][gc,phases   ] GC(116)   Pre Evacuate Collection Set: 1.9ms
[186.141s][info][gc,phases   ] GC(116)   Merge Heap Roots: 0.2ms
[186.141s][info][gc,phases   ] GC(116)   Evacuate Collection Set: 159.6ms
[186.141s][info][gc,phases   ] GC(116)   Post Evacuate Collection Set: 2.3ms
[186.141s][info][gc,phases   ] GC(116)   Other: 0.1ms
[186.142s][info][gc,heap     ] GC(116) Eden regions: 33->0(324)
[186.142s][info][gc,heap     ] GC(116) Survivor regions: 25->4(8)
[186.142s][info][gc,heap     ] GC(116) Old regions: 416->438
[186.142s][info][gc,heap     ] GC(116) Humongous regions: 25->25
[186.142s][info][gc,metaspace] GC(116) Metaspace: 390221K(394880K)->390221K(394880K) NonClass: 339316K(341952K)->339316K(341952K) Class: 50905K(52928K)->50905K(52928K)
[186.142s][info][gc          ] GC(116) Pause Young (Normal) (G1 Evacuation Pause) 995M->931M(2350M) 164.802ms
[186.142s][info][gc,cpu      ] GC(116) User=1.08s Sys=0.20s Real=0.16s
[188.655s][info][gc,marking  ] GC(115) Concurrent Mark From Roots 2714.152ms
[188.658s][info][gc,marking  ] GC(115) Concurrent Preclean
[188.710s][info][gc,marking  ] GC(115) Concurrent Preclean 52.370ms
[188.714s][info][gc,start    ] GC(115) Pause Remark
[189.713s][info][gc,mmu      ] GC(115) MMU target violated: 201.0ms (200.0ms/201.0ms)
[189.716s][info][gc          ] GC(115) Pause Remark 1461M->1461M(2350M) 1002.086ms
[189.717s][info][gc,cpu      ] GC(115) User=6.18s Sys=0.26s Real=1.01s
[189.725s][info][gc,marking  ] GC(115) Concurrent Mark 3787.538ms
[189.732s][info][gc,marking  ] GC(115) Concurrent Rebuild Remembered Sets and Scrub Regions
[190.346s][info][gc,start    ] GC(117) Pause Young (Normal) (G1 Evacuation Pause)
[190.347s][info][gc,task     ] GC(117) Using 8 workers of 8 for evacuation
[190.656s][info][gc,mmu      ] GC(117) MMU target violated: 201.0ms (200.0ms/201.0ms)
[190.656s][info][gc,phases   ] GC(117)   Pre Evacuate Collection Set: 7.7ms
[190.656s][info][gc,phases   ] GC(117)   Merge Heap Roots: 4.4ms
[190.656s][info][gc,phases   ] GC(117)   Evacuate Collection Set: 248.1ms
[190.656s][info][gc,phases   ] GC(117)   Post Evacuate Collection Set: 47.5ms
[190.656s][info][gc,phases   ] GC(117)   Other: 1.7ms
[190.656s][info][gc,heap     ] GC(117) Eden regions: 357->0(50)
[190.656s][info][gc,heap     ] GC(117) Survivor regions: 4->12(46)
[190.656s][info][gc,heap     ] GC(117) Old regions: 438->438
[190.656s][info][gc,heap     ] GC(117) Humongous regions: 25->25
[190.656s][info][gc,metaspace] GC(117) Metaspace: 390911K(395584K)->390911K(395584K) NonClass: 339991K(342592K)->339991K(342592K) Class: 50919K(52992K)->50919K(52992K)
[190.656s][info][gc          ] GC(117) Pause Young (Normal) (G1 Evacuation Pause) 1645M->947M(2508M) 310.151ms
[190.656s][info][gc,cpu      ] GC(117) User=1.89s Sys=0.06s Real=0.31s
[191.875s][info][gc,start    ] GC(118) Pause Young (Normal) (G1 Evacuation Pause)
[191.889s][info][gc,task     ] GC(118) Using 8 workers of 8 for evacuation
[194.631s][info][gc,mmu      ] GC(118) MMU target violated: 201.0ms (200.0ms/201.0ms)
[194.807s][info][gc,phases   ] GC(118)   Pre Evacuate Collection Set: 20.6ms
[195.135s][info][gc,phases   ] GC(118)   Merge Heap Roots: 8.0ms
[195.138s][info][gc,phases   ] GC(118)   Evacuate Collection Set: 580.3ms
[195.139s][info][gc,phases   ] GC(118)   Post Evacuate Collection Set: 2068.1ms
[195.144s][info][gc,phases   ] GC(118)   Other: 210.5ms
[195.148s][info][gc,heap     ] GC(118) Eden regions: 50->0(60)
[195.594s][info][gc,heap     ] GC(118) Survivor regions: 12->2(8)
[195.671s][info][gc,heap     ] GC(118) Old regions: 438->449
[195.676s][info][gc,heap     ] GC(118) Humongous regions: 25->25
[195.677s][info][gc,metaspace] GC(118) Metaspace: 391462K(396096K)->391462K(396096K) NonClass: 340483K(343104K)->340483K(343104K) Class: 50978K(52992K)->50978K(52992K)
[195.691s][info][gc          ] GC(118) Pause Young (Normal) (G1 Evacuation Pause) 1047M->949M(2508M) 3816.799ms
[195.716s][info][gc,cpu      ] GC(118) User=3.15s Sys=1.55s Real=3.84s
